GeneSymbol,baseMean,log2FoldChange,lfcSE,stat,pvalue,padj,change
TMIGD3,96.735107,4.732952321,0.745437782,6.349225158,2.16E-10,2.30E-06,UP
AMPH,77.6587177,3.881795489,0.633046011,6.131932623,8.68E-10,4.62E-06,UP
FKBP5,7674.754262,3.273443606,0.553157402,5.917743473,3.26E-09,9.44E-06,UP
CD163,6172.884556,4.496922613,0.761677481,5.903972125,3.55E-09,9.44E-06,UP
ELANE,493.8261438,5.806355479,0.997699723,5.819742499,5.89E-09,1.25E-05,UP
PCSK9,124.7841118,9.610766426,1.695563782,5.668183367,1.44E-08,2.56E-05,UP
CD163L1,80.17000966,7.459161806,1.348790205,5.530260953,3.20E-08,4.86E-05,UP
IFI44,849.6834673,-3.430872736,0.642765684,-5.337672529,9.41E-08,0.000125181,DOWN
NTSR1,486.3643882,3.915835598,0.744689584,5.258346138,1.45E-07,0.000166344,UP
ALOX15B,93.06698653,4.727884481,0.901428195,5.244881962,1.56E-07,0.000166344,UP
GRB10,916.2251262,3.446039503,0.679563397,5.070961029,3.96E-07,0.000355993,UP
S100A12,13393.33436,4.139148413,0.816691088,5.068193435,4.02E-07,0.000355993,UP
WFDC1,37.75605401,4.879231522,0.985657194,4.950231735,7.41E-07,0.000597445,UP
GBP5,7291.06457,-3.404658376,0.689379435,-4.938729241,7.86E-07,0.000597445,DOWN
TARM1,10.49203585,6.616745482,1.350929051,4.897922271,9.69E-07,0.000644597,UP
DEFA1,73.35542094,5.750399537,1.174099235,4.897711681,9.70E-07,0.000644597,UP
MTND1P23,156.2850271,-6.789544365,1.402254136,-4.841878652,1.29E-06,0.000804766,DOWN
IL1R2,12574.63405,4.204149284,0.870745545,4.828217966,1.38E-06,0.000814087,UP
KLF14,32.16508186,5.56827499,1.157588457,4.810237142,1.51E-06,0.000843969,UP
COL17A1,51.4996634,5.11755176,1.075187543,4.759682899,1.94E-06,0.000986431,UP
BPI,558.0766878,4.242626942,0.891532556,4.758802037,1.95E-06,0.000986431,UP
OLFM1,12.93508863,-3.220435681,0.686838436,-4.688781979,2.75E-06,0.001325637,DOWN
IFIT1,839.9515311,-4.556225172,0.97425036,-4.676647151,2.92E-06,0.001325637,DOWN
LAMP3,42.0707185,-4.658657893,0.997264455,-4.671436817,2.99E-06,0.001325637,DOWN
OLFM4,965.4948582,7.319982842,1.587504386,4.611000075,4.01E-06,0.001705053,UP
MPO,901.2978334,4.194057431,0.912768468,4.594875459,4.33E-06,0.001771502,UP
CD24,572.7923911,3.588729914,0.784217343,4.576192997,4.74E-06,0.001833114,UP
S100A8,100662.442,3.357776569,0.734383048,4.572241392,4.83E-06,0.001833114,UP
PDE4B,798.3564019,-2.172536248,0.479416764,-4.531623446,5.85E-06,0.002146918,DOWN
CHCHD1,85.88727226,1.560853063,0.345966221,4.511576469,6.43E-06,0.002281551,UP
GADD45A,1287.943953,3.384074154,0.757433581,4.467816375,7.90E-06,0.002711477,UP
BATF,487.3197743,1.604411069,0.360041906,4.456178695,8.34E-06,0.002773381,UP
SCARF1,866.190596,-2.819029835,0.636622015,-4.428106112,9.51E-06,0.003064234,DOWN
ORM1,242.8732087,4.21589901,0.953529528,4.421361777,9.81E-06,0.003068487,UP
PKD1P5,49.40303755,-1.599923707,0.367126642,-4.357961323,1.31E-05,0.003989774,DOWN
MFSD6L,10.44521148,-3.082225616,0.708849287,-4.348210081,1.37E-05,0.004012604,DOWN
ENSG00000307917,12.5101582,-3.217100915,0.740494905,-4.344528091,1.40E-05,0.004012604,DOWN
SERPINB2,49.54350147,4.497669326,1.043075077,4.311932503,1.62E-05,0.00453007,UP
ENSG00000293966,5.428378325,-3.753609008,0.879632908,-4.267244861,1.98E-05,0.005397648,DOWN
LINC02990,7.930823892,6.206066601,1.457406783,4.258294029,2.06E-05,0.005477866,UP
SERPINB10,78.5056614,4.672964698,1.100179287,4.247457439,2.16E-05,0.005609337,UP
CYYR1,39.95296701,3.083036338,0.730315395,4.221513551,2.43E-05,0.00614584,UP
C1orf56,40.05913627,1.396093589,0.332170722,4.202939919,2.63E-05,0.006456468,UP
VAMP2,1148.959316,-0.981241127,0.233663446,-4.199377974,2.68E-05,0.006456468,DOWN
MT-TQ,46.23525525,-2.943556553,0.701719681,-4.194775536,2.73E-05,0.006456468,DOWN
THAP9-AS1,185.0371391,-1.626139609,0.389412686,-4.175877334,2.97E-05,0.006730296,DOWN
ARMC12,28.20117996,3.360536832,0.804995672,4.174602359,2.99E-05,0.006730296,UP
LINC02988,30.52654739,-2.665773779,0.639171893,-4.170668026,3.04E-05,0.006730296,DOWN
SNED1,55.32507047,-2.156663541,0.521041941,-4.139136162,3.49E-05,0.007567813,DOWN
CEACAM8,188.6385886,4.347821876,1.056008318,4.117223135,3.83E-05,0.00815783,UP
CEACAM6,72.89254055,4.346962111,1.068807186,4.06711535,4.76E-05,0.009815737,UP
TAAR1,9.746605799,6.511592211,1.601972348,4.064734463,4.81E-05,0.009815737,UP
SIMALR,11.8406697,-4.268265518,1.051477714,-4.059301936,4.92E-05,0.009815737,DOWN
SEZ6L,7.401478682,-3.583916408,0.883517237,-4.05641934,4.98E-05,0.009815737,DOWN
HSH2D,1134.464959,-1.643899441,0.405964278,-4.049369685,5.14E-05,0.009932205,DOWN
ZBTB16,1122.368078,3.414841208,0.845410325,4.039270764,5.36E-05,0.010184479,UP
EDNRB,12.00429473,5.148430851,1.277592274,4.029791787,5.58E-05,0.010417967,UP
CDH4,8.628111591,-2.904397888,0.724882799,-4.006713763,6.16E-05,0.011262498,DOWN
HS3ST3B1,293.5936075,2.152181202,0.537604028,4.003283249,6.25E-05,0.011262498,UP
THRB-AS2,55.70325987,-3.037455444,0.760121681,-3.996012114,6.44E-05,0.011420316,DOWN
VIL1,50.39441597,-2.03570045,0.51048186,-3.987801738,6.67E-05,0.011628919,DOWN
ENSG00000297825,15.39480704,3.933982495,0.990154975,3.973097743,7.09E-05,0.012171459,UP
ENSG00000289189,8.642233545,5.745413882,1.452692754,3.955009665,7.65E-05,0.012921685,UP
ENSG00000287839,220.8224879,-2.292882689,0.582761726,-3.934511461,8.34E-05,0.013855705,DOWN
KCNC3,47.83076704,-2.062914864,0.5265,-3.918166885,8.92E-05,0.014601316,DOWN
PPARGC1B,85.8484857,-1.939075692,0.496145227,-3.908282469,9.30E-05,0.014981181,DOWN
ENSG00000258521,8.576547897,-3.474923102,0.890516294,-3.902144323,9.53E-05,0.015074976,DOWN
CLEC4F,13.90505362,-4.289634294,1.100032711,-3.899551578,9.64E-05,0.015074976,DOWN
ENSG00000301805,55.57344241,6.819017729,1.755533986,3.884298329,0.000102626,0.015667418,UP
LDHA,5768.53268,2.073043033,0.533867635,3.883065571,0.000103148,0.015667418,UP
ENSG00000306983,15.85169134,-2.74547365,0.707955077,-3.878033702,0.000105304,0.015667418,DOWN
PTGR1,17.87645649,3.81449055,0.984050511,3.876315808,0.00010605,0.015667418,UP
PLTP,86.02419794,2.818833117,0.729563001,3.863728168,0.000111669,0.01600439,UP
NNMT,20.94453436,7.609511792,1.970382428,3.861946636,0.000112487,0.01600439,UP
ENSG00000301756,14.98865855,4.044143861,1.047387818,3.861171376,0.000112845,0.01600439,UP
TSPO,5006.239195,2.07072464,0.53835541,3.846389582,0.000119871,0.016585788,UP
PTK7,11.02431855,-3.391989396,0.881952904,-3.845998328,0.000120063,0.016585788,DOWN
PLVAP,45.00660797,-2.860670467,0.7446253,-3.841758355,0.000122156,0.016658642,DOWN
ENSG00000289582,37.98239004,-2.359811592,0.614962393,-3.837326671,0.000124381,0.016738423,DOWN
S100A9,177008.5315,2.737713854,0.713993778,3.834366541,0.000125888,0.016738423,UP
ECHDC3,186.3504886,2.667026705,0.696997694,3.826449823,0.000130005,0.017014503,UP
ENSG00000290549,13.52480786,4.157948135,1.087254728,3.824263099,0.000131164,0.017014503,UP
SERINC2,225.4075199,3.010580901,0.788064204,3.820222879,0.000133331,0.017087269,UP
CCNA1,47.52186235,4.676816356,1.228313669,3.80750982,0.000140373,0.017457141,UP
LINC01303,26.54761087,-1.700574312,0.446684027,-3.807107952,0.000140601,0.017457141,DOWN
SHISA4,31.87516267,-1.832955398,0.481575946,-3.806160613,0.000141141,0.017457141,DOWN
ENSG00000303004,6.816973254,5.991972305,1.577048615,3.799484841,0.000144997,0.017727989,UP
ENSG00000280027,30.95445206,-2.903668598,0.765230846,-3.794500198,0.000147941,0.017882388,DOWN
CREB3L1,6.716228093,5.972903985,1.575346776,3.7914852,0.000149749,0.017897538,UP
IDH1,526.9779644,1.523239818,0.402563803,3.783846947,0.000154423,0.01825106,UP
ENSG00000307222,48.90342791,-2.330094665,0.620072317,-3.757778892,0.000171428,0.020038267,DOWN
CD55,4815.178273,2.423506945,0.648998244,3.734227276,0.000188292,0.021770286,UP
CD63,5585.601263,2.203607071,0.5907453,3.730215154,0.000191316,0.021811966,UP
PML,1173.676173,-1.626873403,0.436354634,-3.728328464,0.000192754,0.021811966,DOWN
ENSG00000267737,15.25760509,2.689001731,0.721829574,3.725258467,0.000195115,0.021841356,UP
UGCG,889.4777859,2.326864411,0.625051129,3.722678517,0.00019712,0.021841356,UP
MT-TM,81.13670691,-2.347759788,0.631687539,-3.716647302,0.000201884,0.022097094,DOWN
C14orf119,419.8283413,1.359834079,0.366085288,3.714528076,0.000203583,0.022097094,UP
EFNA1,11.81801639,3.066294375,0.826655729,3.709276143,0.000207853,0.022332611,UP
FLT3,141.1049947,2.395685385,0.646532958,3.70543428,0.000211029,0.022447138,UP
NR2E1,6.56385517,5.349420086,1.447527824,3.695555966,0.000219406,0.02310716,UP
ENSG00000124593,10.47823118,2.23153922,0.605211812,3.687203679,0.000226732,0.023450873,UP
SERPINB1,7988.342412,2.120748856,0.575568153,3.684618136,0.000229046,0.023450873,UP
ENSG00000290427,15.61380633,-3.533765767,0.959351941,-3.683492592,0.00023006,0.023450873,DOWN
LINC00824,7.153490483,-2.895467734,0.7864026,-3.681915262,0.000231488,0.023450873,DOWN
ENSG00000281100,40.18639482,-2.229923295,0.606823497,-3.674747774,0.000238084,0.023891555,DOWN
ENSG00000309517,10.25004926,-4.656816485,1.268098997,-3.672281499,0.000240395,0.023897926,DOWN
ANXA1,5715.824626,1.719880056,0.469899957,3.660098347,0.000252118,0.024831334,UP
KL,51.31575891,3.334192742,0.912803217,3.652696092,0.000259501,0.025323993,UP
MYO7A,131.5033227,2.698497885,0.740891392,3.642231391,0.000270285,0.025916272,UP
ENSG00000236846,17.6239894,4.03850992,1.10884694,3.642080591,0.000270443,0.025916272,UP
ENSG00000298426,41.2841825,8.593528251,2.36193153,3.638347742,0.000274393,0.02595543,UP
C3orf86P,64.06464116,2.605967637,0.716497356,3.637093165,0.000275732,0.02595543,UP
LINC03015,25.52259788,1.416332653,0.390187895,3.629873379,0.00028356,0.026458164,UP
CDHR1,64.8834979,3.133470098,0.865390897,3.620872496,0.000293611,0.027157759,UP
ENKUR,50.80258914,-2.599934844,0.719095975,-3.615560279,0.000299699,0.02732545,DOWN
CDO1,8.503871614,3.782412058,1.046363887,3.614815176,0.000300562,0.02732545,UP
ENSG00000279236,8.858325666,-3.420769427,0.947114502,-3.611780221,0.000304102,0.027413013,DOWN
COL19A1,12.87257725,-1.813285147,0.502809979,-3.606303022,0.00031059,0.027762608,DOWN
ENSG00000296207,31.79481499,2.928253909,0.812970345,3.601919711,0.000315876,0.027999769,UP
H2BC9,45.52107239,-1.938734244,0.540743258,-3.585313761,0.000336673,0.029596634,DOWN
SGMS2,191.0646495,2.444088125,0.683109141,3.577888184,0.000346382,0.03000858,UP
RAB33A,49.45889014,2.174003822,0.608194967,3.574517944,0.000350874,0.03000858,UP
IGHV3-73,8.042463211,2.830389098,0.791852062,3.57439127,0.000351044,0.03000858,UP
CAP1P2,33.54763222,1.752217726,0.490377597,3.573201014,0.000352644,0.03000858,UP
TIMP4,5.54629003,5.692838789,1.595583655,3.567872341,0.000359892,0.030316529,UP
XAF1,247.0223854,-2.69755821,0.756388052,-3.566368087,0.000361963,0.030316529,DOWN
CAMSAP3,8.791292492,3.114438441,0.873890848,3.563875797,0.000365419,0.030357286,UP
L1TD1,9.461987515,-2.51933461,0.707576033,-3.560514334,0.000370129,0.030357286,DOWN
LENG9,43.69007068,1.504678613,0.422675687,3.559889197,0.000371011,0.030357286,UP
ENSG00000294637,49.89475672,5.466659521,1.537122837,3.556423332,0.000375938,0.030525602,UP
RGMA,12.480793,3.635018702,1.023208906,3.552567496,0.000381491,0.030741827,UP
HK3,11306.21834,2.281036682,0.643609772,3.54412997,0.000393911,0.031486327,UP
MRPL36,87.52981624,1.432477975,0.404391757,3.542302607,0.00039665,0.031486327,UP
ENSG00000303658,24.97741299,-2.74960789,0.778390126,-3.532429044,0.000411761,0.032443694,DOWN
ENSG00000250696,6.42702522,-3.9612463,1.123576315,-3.525569423,0.000422573,0.033050833,DOWN
ENSG00000298154,9.674179216,-3.398203087,0.965485213,-3.51968424,0.000432061,0.033546213,DOWN
TMEM187,71.73239654,1.379158439,0.393949352,3.500852153,0.000463773,0.035747493,UP
DHFR2,72.28480297,1.15110765,0.330005725,3.488144489,0.000486385,0.036800062,UP
KBTBD6,53.72088342,1.975763764,0.566488257,3.487740016,0.000487121,0.036800062,UP
ENSG00000254639,13.59364396,3.608776795,1.034815158,3.487363677,0.000487808,0.036800062,UP
PTK6,15.39468818,-1.839897706,0.528870765,-3.478917399,0.000503444,0.037712191,DOWN
GALNT2,1461.859259,2.108695951,0.606712198,3.475611599,0.00050969,0.037913085,UP
ENSG00000272256,11.96528487,-2.383991251,0.687172197,-3.469277804,0.00052186,0.038296421,DOWN
DAAM2-AS1,11.52791542,5.180236753,1.49321523,3.469182908,0.000522044,0.038296421,UP
KCNJ10,6.541190971,-3.420180077,0.987589064,-3.463161149,0.000533869,0.038895615,DOWN
ENSG00000288758,31.73653386,-2.862901122,0.8275508,-3.459486865,0.000541206,0.039161937,DOWN
UICLM,26.97799105,-3.269537932,0.945904601,-3.456519748,0.000547199,0.039196697,DOWN
PTP4A2P2,12.44819522,-2.931779509,0.848412392,-3.455606655,0.000549056,0.039196697,DOWN
ENSG00000309597,11.66447268,2.543269101,0.736630714,3.452569993,0.000555273,0.039376287,UP
ENSG00000295821,8.813665409,-3.273070633,0.948637832,-3.450284736,0.000559996,0.039448165,DOWN
ENSG00000278239,6.642460279,-3.408030085,0.991421417,-3.437519129,0.000587069,0.041083261,DOWN
CARINH,405.5813038,-1.879271397,0.548381357,-3.426942534,0.000610418,0.042285082,DOWN
CYP4F22,43.24850484,-2.951019888,0.861321477,-3.426153841,0.000612194,0.042285082,DOWN
RAB9A,165.7726243,0.80100757,0.234605819,3.414269837,0.000639532,0.043888401,UP
ENSG00000293498,13.77166523,3.282702201,0.962457202,3.410751349,0.000647841,0.044173649,UP
LAMB3,42.61694732,2.521369311,0.73971663,3.408561075,0.000653065,0.04424617,UP
TAP2,1197.480101,-1.653054899,0.485438358,-3.405282814,0.000660956,0.044299511,DOWN
SCRG1,7.673740149,4.575496513,1.343846203,3.404776904,0.000662181,0.044299511,UP
ENSG00000230107,8.771934431,-2.360438045,0.694247594,-3.39999456,0.000673872,0.044799849,DOWN
BAIAP2,81.52129747,-1.142275044,0.336769037,-3.391864806,0.000694187,0.04546915,DOWN
PTGS2,1115.794134,-2.910696207,0.858362567,-3.390986886,0.000696414,0.04546915,DOWN
ACBD7,9.363596347,3.609715231,1.064545964,3.390849575,0.000696763,0.04546915,UP
MMP9,11796.24113,2.995964698,0.884611598,3.386757198,0.000707239,0.045871381,UP
AKR1C1,25.76735751,2.392855989,0.709469297,3.372740721,0.00074424,0.047978671,UP
MT-TI,74.17504776,-2.452449198,0.72821123,-3.367771734,0.000757783,0.048557462,DOWN
ENSG00000286035,54.72951198,2.753664701,0.818117696,3.365853979,0.000763071,0.048603505,UP
TPST1,356.0336436,2.444976303,0.72793894,3.358765644,0.000782914,0.049407913,UP
ENSG00000270083,7.670224977,-2.245313459,0.668770761,-3.357373843,0.000786866,0.049407913,DOWN
CGAS,246.0322282,1.369029314,0.407885884,3.356402777,0.000789635,0.049407913,UP
CA6,8.441987461,-2.545378002,0.758824624,-3.354369273,0.000795461,0.049481414,DOWN
BSND,13.54691329,4.677834835,1.397514971,3.347252037,0.00081617,0.050297543,UP
CD46P1,4.441593976,5.337839635,1.595504224,3.345550299,0.000821195,0.050297543,UP
FAUP4,49.03998191,2.077052823,0.620938874,3.345019792,0.000822767,0.050297543,UP
IFIH1,509.699597,-1.772988427,0.530301334,-3.3433603,0.000827704,0.050310188,DOWN
LYNX1,37.50167302,-2.66772563,0.799338713,-3.337415774,0.000845613,0.050690842,DOWN
UBL5,941.4070277,1.335179959,0.400115854,3.336983387,0.00084693,0.050690842,UP
CST7,6906.299845,2.108931686,0.632070239,3.336546408,0.000848263,0.050690842,UP
ENSG00000287883,19.89300586,3.121588035,0.937078322,3.331192239,0.000864749,0.051304299,UP
MAFA-AS1,9.826363152,3.936012583,1.181953301,3.330091451,0.000868175,0.051304299,UP
ENSG00000272396,12.49270894,5.096937217,1.533271322,3.324223928,0.00088665,0.052106487,UP
WDFY1,420.9613842,-1.125601351,0.338762303,-3.32268774,0.000891547,0.052106487,DOWN
CCDC141,7.383835727,-2.477664253,0.747930122,-3.312694835,0.000924017,0.053709143,DOWN
GAPDH,14940.35427,1.322239347,0.399700151,3.308078179,0.000939386,0.05430569,UP
G0S2,451.5924541,-2.400976161,0.726768833,-3.303631156,0.000954413,0.054586196,DOWN
ENSG00000288970,5.784282279,-3.389057513,1.026118151,-3.302794624,0.000957265,0.054586196,DOWN
SPRY1,26.6896583,2.905856436,0.880363199,3.300747284,0.000964277,0.054586196,UP
LINC01127,511.0163747,2.779412345,0.8420917,3.30060532,0.000964765,0.054586196,UP
DLC1,39.91128362,2.44196275,0.741602632,3.292818344,0.000991885,0.05554197,UP
CDKN1C,305.8249563,-2.803901864,0.851536139,-3.292757333,0.000992101,0.05554197,DOWN
IFI6,954.2601961,-2.309992208,0.702216651,-3.289571965,0.001003399,0.05588039,DOWN
HDC,42.20982296,-3.166110785,0.96594456,-3.27773551,0.001046434,0.057973532,DOWN
RLN3,4.909590673,4.931696511,1.506457293,3.273704826,0.001061474,0.058502083,UP
RNU4-47P,8.431373423,-2.117398863,0.647362577,-3.270808257,0.001072406,0.058799908,DOWN
STN1,116.4823204,-1.52953378,0.468266492,-3.266374612,0.00108934,0.059133726,DOWN
CROCC2,10.79173987,-3.281597358,1.00468221,-3.266303838,0.001089613,0.059133726,DOWN
TTC34,10.13975366,-2.308065955,0.707411694,-3.262691264,0.001103597,0.05942028,DOWN
ENSG00000302062,49.08222559,3.038613543,0.931502004,3.262057977,0.001106065,0.05942028,UP
SDR42E1P5,16.99157888,4.465496889,1.373072624,3.252192792,0.001145183,0.061196179,UP
MS4A4A,573.5836591,2.94780529,0.906781445,3.2508443,0.001150629,0.061196179,UP
ENSG00000306635,8.982660486,5.195100199,1.601465018,3.243967331,0.001178773,0.062141462,UP
KCND3,8.571147184,-2.40057083,0.740083159,-3.243650123,0.001180086,0.062141462,DOWN
CD177,22218.99347,4.205024963,1.302037399,3.229573103,0.001239752,0.064961774,UP
GCLM,367.4542019,1.701947692,0.527451496,3.226737824,0.001252101,0.065005305,UP
MYBL1,134.0514916,-1.68936627,0.523578472,-3.226577024,0.001252805,0.065005305,DOWN
FAM200A,35.50920678,1.188765597,0.368890158,3.222546254,0.001270567,0.065401938,UP
ENSG00000300565,44.54683905,-1.836855831,0.570088259,-3.222055185,0.001272746,0.065401938,DOWN
RHAG,96.06933377,3.323882817,1.032095504,3.220518647,0.001279589,0.065437427,UP
IRS1,46.27757612,-1.471507162,0.457220035,-3.218378571,0.001289175,0.065612244,DOWN
LINC00539,42.2300036,2.024333631,0.62958246,3.215359004,0.001302815,0.065990671,UP
MT-TG,80.67009883,-1.830574227,0.57059857,-3.208164762,0.001335849,0.067343273,DOWN
ENSG00000223884,16.19084246,-2.270557837,0.711174058,-3.192689346,0.001409545,0.070465781,DOWN
ERG,34.83580437,2.89582705,0.907139675,3.192261489,0.001411635,0.070465781,UP
PDGFC,215.6600633,2.416847616,0.757387789,3.191030608,0.001417663,0.070465781,UP
BCL2,468.128134,-1.456002145,0.458293544,-3.177007761,0.001488031,0.073619446,DOWN
COX6B2,12.22914993,2.80859601,0.885724945,3.170957332,0.001519375,0.074822164,UP
TMEM169,45.43916581,2.266052162,0.715327123,3.167854383,0.001535684,0.075276832,UP
ENSG00000293441,228.7819923,1.709677366,0.542117834,3.153700653,0.001612144,0.078662254,UP
ENSG00000270210,32.13443411,2.591390354,0.825057737,3.140859407,0.001684529,0.081636265,UP
TIMM8B,167.754926,1.324925349,0.42192664,3.140179411,0.001688444,0.081636265,UP
AHDC1,131.8069104,-1.060752733,0.338204999,-3.136419435,0.001710244,0.082262346,DOWN
PGD,10971.92736,1.999608413,0.637897654,3.134685321,0.001720385,0.082262346,UP
ENSG00000262714,40.32847555,-3.0819644,0.983406312,-3.133968497,0.001724594,0.082262346,DOWN
MFF,564.0360659,1.046248591,0.335061025,3.122561304,0.001792848,0.085136251,UP
NLRC4,613.6847617,2.198540462,0.705055867,3.118250009,0.001819284,0.085652475,UP
BNIP3P11,12.12460697,-1.776782338,0.569817074,-3.118162687,0.001819823,0.085652475,DOWN
ALS2CL,45.46134197,-2.032613819,0.653908834,-3.108405505,0.001880998,0.087772476,DOWN
MOV10,517.8389113,-1.32902963,0.427567951,-3.10834717,0.001881369,0.087772476,DOWN
MYL6B,68.96736723,1.839938858,0.59237319,3.106046812,0.001896067,0.088071204,UP
LPO,4.469518127,5.373999863,1.731333811,3.10396518,0.001909458,0.088071204,UP
RGL4,1118.75898,2.220205982,0.7153931,3.103476929,0.001912611,0.088071204,UP
ZNF691,52.80680813,1.111326984,0.358387984,3.100904699,0.001929304,0.088185608,UP
ANG,24.46332792,2.087471687,0.673260541,3.100540669,0.001931677,0.088185608,UP
SIRT5,229.2653783,1.511726884,0.488766399,3.092943555,0.001981818,0.090088038,UP
MYO1B,31.14019243,2.476613023,0.802934169,3.084453395,0.002039266,0.092269782,UP
LINC00482,29.67891579,2.58332556,0.838280039,3.08169757,0.002058238,0.092269782,UP
APBB2,17.38166507,2.28747535,0.742450914,3.080978562,0.002063215,0.092269782,UP
MT-TH,54.65310388,-1.561642488,0.506958256,-3.080416322,0.002067114,0.092269782,DOWN
ENSG00000285531,8.240418397,-1.895928475,0.615652583,-3.079542793,0.002073186,0.092269782,DOWN
ZBTB3,37.64950353,1.056227583,0.344335477,3.06743758,0.002159025,0.095624254,UP
GJA4,12.31389829,2.875736148,0.938335739,3.064719831,0.00217874,0.095624254,UP
LZTS1,5.435458148,-2.210194162,0.721293563,-3.06420891,0.002182464,0.095624254,DOWN
ADM2,36.1626368,1.493501589,0.487446719,3.06392787,0.002184516,0.095624254,UP
CTSD,10032.68999,1.932998678,0.633884594,3.0494489,0.002292616,0.099877755,UP
PINLYP,9.857306761,2.521654315,0.82752058,3.047240607,0.002309528,0.099877755,UP
SNCA,1116.426792,-1.709856101,0.561388033,-3.045765138,0.00232089,0.099877755,DOWN
ENSG00000296162,8.878649223,2.455667547,0.806744874,3.043920855,0.002335166,0.099877755,UP
ANAPC15,72.87917703,1.12741031,0.370397266,3.043786803,0.002336206,0.099877755,UP
GBP4,1202.945524,-2.255195626,0.741221242,-3.042540469,0.002345903,0.099877755,DOWN
COPS5,442.4845763,0.658025294,0.216366648,3.041251049,0.002355973,0.099877755,UP
ENSG00000302023,51.95422704,2.967940755,0.975928733,3.041144969,0.002356803,0.099877755,UP
CHRM4,14.53405376,-1.779401826,0.587306281,-3.029768087,0.002447416,0.10291272,DOWN
IL1RL2,5.232785797,4.394816233,1.450566283,3.029724518,0.002447769,0.10291272,UP
ENSG00000288933,4.27705225,-3.055524884,1.010465185,-3.023879428,0.002495559,0.104426872,DOWN
SPRED2,60.39976884,1.444314884,0.477786722,3.022928052,0.002503418,0.104426872,UP
IGLV1-36,8.263214945,3.200093546,1.059347664,3.020815219,0.002520952,0.104747506,UP
ZCWPW1,83.34900323,-1.431609132,0.474234044,-3.018781868,0.002537932,0.105042731,DOWN
ARHGAP5,83.27803507,-1.361676149,0.451372684,-3.016744695,0.002555049,0.105341306,DOWN
YTHDF3-DT,5.278432993,2.829855262,0.93850941,3.015265732,0.002567542,0.105447661,UP
LDLR,487.3715088,1.481799898,0.491713614,3.013542548,0.002582168,0.105640478,UP
IGLC6,7.138672702,3.388569853,1.125043634,3.011945272,0.002595794,0.105791034,UP
NRIP2,30.51973357,-1.371264813,0.455676864,-3.009292161,0.002618572,0.106312013,DOWN
ENSG00000306963,88.02982407,-2.299066154,0.765319073,-3.004062275,0.002664008,0.107745445,DOWN
NUB1,917.2122198,-1.06630022,0.355146214,-3.00242598,0.002678371,0.107916031,DOWN
TSPAN2,549.0700022,1.670111172,0.557491747,2.995759457,0.002737623,0.109887152,UP
ENSG00000305228,9.271657695,2.993664424,0.999925534,2.993887367,0.002754476,0.110147978,UP
COL4A2,11.1341413,3.147422541,1.052590339,2.990168562,0.002788235,0.110868895,UP
NHERF4,12.5913332,-2.472542276,0.82704544,-2.989608741,0.00279335,0.110868895,DOWN
B4GALNT3,31.54759851,-2.094048375,0.700846207,-2.987885723,0.002809146,0.11107861,DOWN
ENSG00000279693,6.28571265,-2.660716596,0.890993302,-2.986236359,0.002824343,0.11107861,DOWN
ADGRD1,13.15968615,2.922648437,0.979070062,2.985126959,0.002834606,0.11107861,DOWN
ENSG00000262712,7.457626532,2.937804353,0.984353322,2.984501893,0.002840404,0.11107861,UP
RHBDD2,961.3298774,1.221234873,0.409542807,2.981946826,0.002864217,0.111119901,UP
PARAIL,41.21847834,-1.38120308,0.463371302,-2.980769579,0.00287525,0.111119901,DOWN
ENSG00000299361,46.27964402,2.73929305,0.919189522,2.980117793,0.002881376,0.111119901,UP
ENSG00000273449,6.090715261,-1.936933299,0.649995293,-2.979918964,0.002883246,0.111119901,DOWN
ENSG00000277117,7.780052646,-2.622492689,0.880694299,-2.97775595,0.002903671,0.111503059,DOWN
KCNK7,79.02750542,-1.438230867,0.483696854,-2.973413729,0.002945072,0.112500163,DOWN
DYNLT5,32.60851673,2.614658303,0.879521687,2.972818455,0.002950789,0.112500163,UP
TXN,1128.884054,1.72461776,0.580463649,2.971103812,0.002967315,0.112567615,UP
NPIPA9,40.69593605,-1.791747576,0.603192417,-2.970441147,0.002973724,0.112567615,DOWN
ENSG00000254810,31.39192147,-1.968147774,0.663019066,-2.968463313,0.002992928,0.11289283,DOWN
ENSG00000310430,15.55124364,-1.823508942,0.614953673,-2.965278558,0.00302409,0.11345745,DOWN
TRDJ1,6.589650849,-2.770166069,0.934365578,-2.964756123,0.00302923,0.11345745,DOWN
OBSCN,237.5108729,-1.615613302,0.545318494,-2.962696701,0.003049569,0.113818473,DOWN
FERMT2,5.675487526,3.44146578,1.163178905,2.958672793,0.00308967,0.114023519,UP
APOL2,1254.277812,-1.37814341,0.465798732,-2.958667156,0.003089726,0.114023519,DOWN
LAMTOR2,273.1414229,1.320202553,0.446219284,2.958640741,0.003089991,0.114023519,UP
XCR1,18.65586772,1.796674112,0.607610752,2.956949177,0.003106993,0.114023519,UP
SCART1,24.07029105,-1.756887646,0.594386522,-2.955799938,0.003118593,0.114023519,DOWN
TNFAIP2,6432.000193,-1.671211097,0.565415498,-2.955722124,0.00311938,0.114023519,DOWN
ENSG00000228559,5.977359768,3.726378612,1.261816854,2.953185004,0.003145134,0.114437454,UP
ENSG00000236403,9.042225377,-2.490277426,0.843449858,-2.952490184,0.003152221,0.114437454,DOWN
NMNAT2,10.71076793,3.454923553,1.173296083,2.944630603,0.003233404,0.116985454,UP
IGLV4-69,30.86762311,2.990538167,1.015979821,2.943501539,0.003245222,0.117015008,UP
BNC2,8.944212624,-2.636899786,0.896536316,-2.941208,0.003269349,0.117368216,DOWN
SLC39A8,425.5817716,1.820485477,0.619272801,2.939714895,0.003285144,0.117368216,UP
NIPAL1,4.434965104,-3.107491412,1.05717328,-2.939434311,0.00328812,0.117368216,DOWN
SLC36A4,227.1437511,1.153274953,0.393213931,2.932945308,0.00335763,0.119448542,UP
FLOT1,5566.286704,1.613096308,0.550196296,2.931855992,0.003369429,0.119468738,UP
VPS37A,160.0183998,0.918910892,0.313572097,2.930461291,0.003384592,0.119535127,UP
LINC02520,10.98338084,-2.330388875,0.795939046,-2.927848414,0.003413164,0.119535127,DOWN
SHROOM2,4.859342014,5.493507798,1.876427711,2.927641585,0.003415435,0.119535127,UP
GFPT2,4.18000555,4.05890734,1.386747182,2.926926689,0.003423296,0.119535127,UP
VAT1,847.3224334,1.708895914,0.583929323,2.926545809,0.00342749,0.119535127,UP
ENSG00000286904,17.25250743,2.723818897,0.931349862,2.92459258,0.003449075,0.119894795,UP
LINC01480,27.22978218,1.459739907,0.500867999,2.914420388,0.003563497,0.123468782,UP
GALK1,510.8186138,1.214186719,0.417229511,2.910117066,0.003612934,0.124775257,UP
RAE1,240.2588878,0.600308686,0.20648156,2.90732348,0.00364536,0.125182284,UP
OAS1,858.7893831,-1.657479119,0.570244506,-2.90661129,0.003653669,0.125182284,DOWN
TP53TG5,10.58995161,-1.921796101,0.661452943,-2.905416209,0.00366765,0.125182284,DOWN
ENSG00000277476,45.50418792,-1.379808586,0.475035462,-2.90464333,0.003676718,0.125182284,DOWN
CIB3,9.959952021,-2.648555586,0.912017856,-2.904061109,0.003683563,0.125182284,DOWN
ATP6V1D,414.8348488,0.835742795,0.287934482,2.902545012,0.00370144,0.125389214,UP
IL1R1,1117.87532,2.745605263,0.949497936,2.891639,0.00383238,0.12912906,UP
ENSG00000254531,41.26868985,1.436633753,0.496875972,2.891332713,0.003836118,0.12912906,UP
ENSG00000290062,82.5187121,-1.858432953,0.643534881,-2.88785116,0.003878834,0.130078895,DOWN
EGR3,38.98791935,-2.061476033,0.714131095,-2.886691317,0.00389316,0.130078895,DOWN
ENSG00000310465,6.231636277,-3.470571446,1.202530682,-2.886056462,0.003901022,0.130078895,DOWN
COL9A2,156.3966235,1.482205398,0.513892511,2.884271257,0.003923207,0.130409839,UP
ATP6V1C1,1284.352373,1.839227284,0.64007823,2.873441398,0.004060264,0.134212411,UP
MROH6,461.604403,1.698867263,0.59127205,2.873241283,0.004062837,0.134212411,UP
U2AF1L4,72.3002637,-1.087065098,0.378658732,-2.870830659,0.004093948,0.134821431,DOWN
ANKRD34B,174.7125523,2.060426102,0.718160845,2.869031521,0.004117308,0.135172227,UP
HSPA1L,98.83228833,1.075964255,0.375447901,2.865815078,0.004159371,0.135776622,UP
CYSLTR2,32.82476174,-1.619862319,0.565264309,-2.865672382,0.004161246,0.135776622,DOWN
ENSG00000289278,8.840242655,-3.359157714,1.173855787,-2.861644293,0.004214496,0.137055569,DOWN
GCKR,14.45711636,3.397510178,1.187623296,2.860764174,0.004226213,0.137055569,UP
WDR45P1,4.175368668,4.696480845,1.643114462,2.858279781,0.004259446,0.137713472,UP
ENSG00000287978,56.6490901,1.624980708,0.568906208,2.856324442,0.004285769,0.138144635,UP
AMOTL1,18.5974849,1.826019309,0.639545514,2.855182735,0.004301207,0.138223391,UP
PNMT,13.14505176,3.341675216,1.171717871,2.851945248,0.004345258,0.139218416,UP
NDUFAF1,166.703381,1.083132184,0.380378191,2.847513893,0.004406217,0.140024307,UP
MYL6,8008.23656,1.446681262,0.508105388,2.847207089,0.004410466,0.140024307,UP
MICU3,6.867220501,-2.299637392,0.807701336,-2.847138279,0.00441142,0.140024307,DOWN
MXRA7,181.6262942,1.55035783,0.544692581,2.84629878,0.004423067,0.140024307,UP
SLC2A5,83.80098631,1.962063509,0.691568487,2.837121047,0.004552235,0.143685827,UP
ATP5MK,220.0884809,1.082491026,0.382118238,2.832869304,0.004613224,0.145180081,UP
ZNF425,12.8731525,1.870096606,0.661125873,2.828654394,0.004674415,0.146671829,UP
CNIH1,308.8374543,0.856392709,0.303139345,2.825079372,0.004726891,0.14788216,UP
ENSG00000309493,6.749869857,-2.932002858,1.039253641,-2.821258202,0.004783568,0.14861445,DOWN
ALOX5AP,5857.771045,1.89306813,0.671391898,2.819617179,0.004808097,0.14861445,UP
MREG,62.04070837,1.31587946,0.466728918,2.819365607,0.004811868,0.14861445,UP
GLMP,203.4667234,1.251023872,0.443795904,2.818917122,0.004818596,0.14861445,UP
INTS13,151.5510731,0.973537461,0.345371389,2.818813291,0.004820155,0.14861445,UP
GPRC5D-AS1,6.29448175,-2.468338068,0.876538615,-2.816006079,0.004862475,0.148821982,DOWN
GALNT14,369.1121595,2.382041141,0.845933869,2.815871579,0.004864511,0.148821982,UP
ENSG00000296291,5.173699202,-2.531150684,0.8990378,-2.815399623,0.004871661,0.148821982,DOWN
ENSG00000275063,5.627541779,3.536389954,1.256417086,2.81466242,0.00488285,0.148821982,UP
SERPINC1,19.47564651,3.459044447,1.230772111,2.810467037,0.004946966,0.150345352,UP
CALHM6,79.32798201,-1.838432566,0.654690882,-2.808092516,0.004983591,0.150649677,DOWN
ENSG00000231794,4.821948384,-3.59601835,1.280641625,-2.807981781,0.004985305,0.150649677,DOWN
APMAP,5296.014919,1.431173252,0.510949995,2.801004533,0.00509438,0.153509699,UP
SAMD4A-AS1,25.5199657,-2.564814254,0.918862045,-2.791294154,0.005249774,0.157539855,DOWN
COQ3,37.42500616,1.171012061,0.419676601,2.790272458,0.00526637,0.157539855,UP
RN7SL587P,4.759090827,3.559618575,1.275898183,2.789892347,0.005272557,0.157539855,UP
CARD6,541.2175945,1.687780679,0.60626576,2.78389576,0.005371029,0.159325466,UP
ENSG00000307738,13.47883188,3.790432601,1.361701612,2.783599996,0.005375929,0.159325466,UP
SMPDL3A,264.2137207,2.111137525,0.758441633,2.783520092,0.005377253,0.159325466,UP
LINC02019,36.34287194,-1.232085266,0.442849137,-2.782178313,0.005399536,0.159541303,DOWN
PGM1,457.9678991,1.008519496,0.363340159,2.775689586,0.005508477,0.162309344,UP
ENSG00000287733,94.54320746,-1.522531953,0.548792047,-2.774333123,0.0055315,0.162537488,DOWN
DGLUCY,964.5940583,-1.380683992,0.498140465,-2.771676039,0.005576851,0.163050215,DOWN
CXCL8,1148.802385,-2.681445346,0.967501587,-2.771515192,0.005579607,0.163050215,DOWN
NQO1-DT,4.672596737,4.233676381,1.52818672,2.770392077,0.005598885,0.163165318,UP
S100A6,6294.062757,1.421670597,0.513591531,2.768095872,0.005638487,0.163870443,UP
SLCO2B1,15.74665024,2.873320798,1.038588134,2.766564246,0.005665042,0.164193605,UP
LILRA4,12.60647583,-2.44567565,0.88454071,-2.764910222,0.005693846,0.164580012,DOWN
CD83,149.6403479,-1.793484129,0.649104866,-2.763011375,0.005727077,0.164998247,DOWN
FFAR3,105.6093348,2.851059519,1.032273645,2.761922221,0.005746217,0.164998247,UP
ENSG00000279164,6.645639391,3.060444973,1.108281876,2.761431941,0.005754851,0.164998247,UP
ZUP1,82.05904877,0.978162287,0.354812512,2.756842707,0.005836242,0.16610013,UP
TTI2,75.90796663,1.033832957,0.375036435,2.756620049,0.005840217,0.16610013,UP
SPRY2,36.00527832,2.32633687,0.844112822,2.755954902,0.005852107,0.16610013,UP
NDUFA1,318.3933488,1.13814001,0.413101567,2.755109401,0.005867251,0.16610013,UP
ENSG00000281969,8.381257962,6.289438886,2.283017033,2.754880404,0.005871359,0.16610013,UP
FAM118B,77.72620236,0.756206947,0.274727896,2.752567021,0.005913004,0.166834551,UP
ENSG00000309723,4.611134178,-3.401740483,1.236722996,-2.750608257,0.005948473,0.167114328,DOWN
ACVR2A,36.85977862,-1.547977055,0.563012376,-2.749454758,0.00596945,0.167114328,DOWN
MTX1,81.378838,0.892323954,0.324566865,2.749276189,0.005972704,0.167114328,UP
ITLN1,16.18647054,-1.954684528,0.711166695,-2.748560276,0.005985763,0.167114328,DOWN
DACT1,9.012027193,-2.428349273,0.884988964,-2.7439317,0.006070817,0.168925367,DOWN
PGLYRP2,17.56432477,2.453302622,0.894527967,2.742566709,0.006096107,0.168925367,UP
NOP10,1026.202626,1.379168055,0.502896342,2.742449962,0.006098274,0.168925367,UP
SLC4A4,14.36102382,-1.691869808,0.618016389,-2.737580812,0.006189291,0.171001273,DOWN
C3AR1,1140.875972,2.30422721,0.842204282,2.735948107,0.006220083,0.171406806,UP
GSTO1,1334.881988,1.514312035,0.553958678,2.733619123,0.006264246,0.172177737,UP
CD99L2,440.9823038,0.997837884,0.365782179,2.727956534,0.0063728,0.174709997,UP
CCR2,913.3804321,1.537484997,0.563882943,2.726603128,0.006398995,0.174977154,UP
ENSG00000303319,9.879971952,2.951621402,1.08440494,2.721881185,0.006491148,0.175858317,UP
ENSG00000226423,6.089721534,-2.498485591,0.91804401,-2.72153139,0.006498021,0.175858317,DOWN
LINC00239,14.80817163,1.453639903,0.534150431,2.721405469,0.006500497,0.175858317,UP
ENSG00000276916,8.392906215,2.926516248,1.075588692,2.720850703,0.006511416,0.175858317,UP
RGPD1,14.40602734,-1.835669244,0.674732825,-2.720586839,0.006516615,0.175858317,DOWN
ZNF805,68.15930471,-0.935432065,0.343996651,-2.719305736,0.006541911,0.175858317,DOWN
FKBP9,120.0365818,1.673990891,0.615652598,2.719051129,0.006546949,0.175858317,UP
ENSG00000230730,46.63607338,2.940563181,1.081948133,2.71784117,0.006570937,0.176058085,UP
MYOSLID-AS1,21.25100306,2.157529859,0.794748395,2.714733209,0.006632918,0.176653532,UP
ENSG00000255224,30.19096436,1.941168118,0.715098447,2.714546684,0.006636655,0.176653532,UP
TNFSF15,4.328922217,-2.858098142,1.053004764,-2.71423097,0.006642983,0.176653532,DOWN
NDUFA2,314.2747654,0.988399671,0.364321637,2.712986468,0.006667983,0.176876146,UP
ENSG00000300484,5.599570801,-2.258997184,0.833276931,-2.710980106,0.006708465,0.176995467,DOWN
ENSG00000295007,15.72521192,-2.171823711,0.80113517,-2.710932927,0.00670942,0.176995467,DOWN
ENSG00000287338,30.75335066,2.717007587,1.002477814,2.710291987,0.0067224,0.176995467,UP
LINC01993,7.68041672,3.019921281,1.114593239,2.709438005,0.00673973,0.177013598,UP
LINC01267,4.339938847,3.709128125,1.370098407,2.707198333,0.006785371,0.177221104,UP
FOXC1,17.43222402,2.300503428,0.850257204,2.705655908,0.006816964,0.177221104,UP
STAC,8.558164437,3.200896862,1.183078986,2.705564802,0.006818834,0.177221104,UP
NETO2,87.8013657,1.273786352,0.470866802,2.705194647,0.006826438,0.177221104,UP
ENSG00000293791,10.82645501,-2.154055854,0.796358726,-2.704881336,0.006832879,0.177221104,DOWN
SAMD4A,50.12576858,-1.638599682,0.606150441,-2.703288774,0.006865707,0.177221104,DOWN
ENSG00000308586,9.265179846,2.351774675,0.870124948,2.70280111,0.006875788,0.177221104,UP
SAMD15,7.557411177,2.821043762,1.043843933,2.702553201,0.006880917,0.177221104,UP
ENSG00000300410,6.615681811,-2.101315266,0.779127404,-2.697011112,0.006996494,0.178899329,DOWN
HAMP,6.807792588,3.80340829,1.411065033,2.695416726,0.007030065,0.178899329,UP
ENSG00000296254,4.608555391,-2.831031377,1.050483049,-2.694980542,0.007039274,0.178899329,DOWN
PKD1,417.9526737,-1.209486575,0.448820808,-2.694809494,0.007042889,0.178899329,DOWN
ENSG00000290399,80.02120542,-1.593428561,0.591386523,-2.694394444,0.007051666,0.178899329,DOWN
TFF3,8.452102487,3.180683341,1.180678841,2.69394456,0.007061191,0.178899329,UP
PTX3,38.86576902,1.957344862,0.72660537,2.693821078,0.007063807,0.178899329,UP
ENSG00000258926,37.45635849,-1.712437168,0.636099335,-2.6920908,0.007100561,0.179350824,DOWN
ZNF674-AS1,32.59878317,-1.080165407,0.401397803,-2.691009762,0.007123611,0.179350824,DOWN
EPCAM,5.502644619,3.881321256,1.442544886,2.690606921,0.007132218,0.179350824,UP
IL1R1-AS1,7.22885122,4.519802324,1.680809689,2.689062513,0.0071653,0.179757773,UP
WASHC3,183.2324553,0.811009269,0.301811963,2.687134274,0.007206798,0.180373425,UP
ENSG00000285492,4.585290509,-2.309349556,0.8596999,-2.686227552,0.007226386,0.180439116,DOWN
MRC1,40.04299762,2.423736543,0.902561478,2.685397728,0.007244354,0.180464158,UP
SMPD5,39.1892788,3.126143484,1.164745408,2.683971504,0.007275331,0.180662394,UP
LINC03040,7.166793003,3.397261547,1.265996362,2.683468649,0.007286281,0.180662394,UP
TRPM2,547.3454737,1.590495288,0.593286166,2.680823148,0.007344132,0.180957889,UP
FCER1G,6563.320273,1.821815134,0.679578678,2.680800902,0.00734462,0.180957889,UP
TRAPPC5,62.56182479,1.492833275,0.556971872,2.680266902,0.007356348,0.180957889,UP
CFAP144P2,9.872563173,3.373915452,1.259145997,2.679526807,0.00737263,0.180957889,UP
TNFSF8,286.3744437,-0.849032858,0.316916299,-2.679044467,0.007383259,0.180957889,DOWN
TNFRSF10B,529.6983815,-1.260942206,0.471128108,-2.67643171,0.007441073,0.181505134,DOWN
OR52K2,4.568197615,-3.1960065,1.194245583,-2.676171925,0.007446843,0.181505134,DOWN
KBTBD6-DT,25.27693421,1.746007844,0.652536328,2.675725117,0.007456778,0.181505134,UP
CORO6,34.41380302,1.956035102,0.731811574,2.67286713,0.007520603,0.182640767,UP
THAP2,44.68134647,1.001313506,0.375982699,2.663190376,0.007740361,0.187549473,UP
TRAV41,7.222891066,-2.461527674,0.92567734,-2.659163802,0.007833487,0.189374542,DOWN
ENSG00000289138,45.86291653,-1.256292847,0.472817886,-2.657033257,0.007883167,0.190143408,DOWN
ENSG00000289471,35.62992469,1.556242843,0.58664965,2.652763611,0.007983576,0.191578541,UP
FGFR2,5.575727412,-2.508394805,0.945699852,-2.652421695,0.007991666,0.191578541,DOWN
CCDC77,49.97086936,0.792612518,0.298849923,2.652209211,0.007996698,0.191578541,UP
PODN,6.585702413,-2.262375333,0.854335274,-2.648111817,0.008094275,0.193480452,DOWN
ENSG00000302074,12.17728009,3.213845637,1.214948554,2.645252449,0.008162999,0.194351876,UP
TMEM255B,30.88604655,1.82817282,0.691160969,2.64507532,0.008167274,0.194351876,UP
ENSG00000306991,5.736008784,3.822317386,1.446411772,2.642620491,0.008226719,0.195329482,UP
LINC02970,38.86558989,2.302881707,0.872140525,2.640493866,0.008278529,0.196121858,UP
CEP250-AS1,14.97010371,1.208085524,0.457970309,2.63791233,0.008341814,0.196789709,UP
ENSG00000310436,6.672863998,2.443574849,0.926356273,2.637834837,0.008343721,0.196789709,UP
ENSG00000186076,57.58876574,1.283278085,0.486651772,2.63695348,0.00836543,0.196865225,UP
CCDC85C,145.003419,-1.494006689,0.56709965,-2.634469426,0.008426889,0.197873778,DOWN
TTTY14,11.99976424,3.07352791,1.168374454,2.630601773,0.008523385,0.199698769,UP
RPL32P1,8.884266039,-2.692881478,1.024094,-2.629525685,0.008550407,0.199891609,DOWN
SCML1,33.22853444,-1.435382295,0.546490862,-2.626544,0.008625684,0.200857334,DOWN
ENSG00000294754,8.75847781,-3.431881808,1.306689545,-2.626394173,0.008629482,0.200857334,DOWN
ENSG00000272950,4.605466953,2.534151519,0.965541,2.624592348,0.008675276,0.201482346,UP
ENSG00000307847,7.663296583,3.336675826,1.271936005,2.6233048,0.008708133,0.201804814,UP
OTULINL,789.6606668,1.317012576,0.502579164,2.620507712,0.008779894,0.203025515,UP
ENSG00000278017,10.99362751,-2.117109683,0.809033442,-2.616838282,0.008874838,0.20477581,DOWN
ENSG00000278997,11.72232288,-1.539804778,0.588637419,-2.615879876,0.008899786,0.204906981,DOWN
HIGD1A,317.7793001,0.921554254,0.352471861,2.614547019,0.008934586,0.205263917,UP
CDC123,826.7531607,1.116039762,0.427065075,2.613277994,0.008967833,0.205583695,UP
AATBC,86.98682805,-1.867510252,0.715780226,-2.609055383,0.009079255,0.207690391,DOWN
LYPLAL1-DT,9.591348604,-2.53398683,0.972127601,-2.606640144,0.00914354,0.208712088,DOWN
ENSG00000289587,6.294783515,-1.850734528,0.710694136,-2.604122412,0.009210985,0.209801391,DOWN
ENSG00000286584,6.458060731,-1.98951902,0.764250741,-2.60322812,0.009235048,0.209900018,DOWN
PDCD1LG2,32.125461,-2.396180855,0.921504941,-2.600290837,0.009314478,0.211244356,DOWN
NDUFS5,475.2518982,1.463724563,0.56314418,2.599200372,0.009344121,0.211244356,UP
ATP6AP1-DT,14.62678016,1.94666636,0.749542549,2.597139232,0.009400381,0.211244356,UP
B3GALT9,41.19563528,1.009852354,0.388919561,2.596558406,0.00941629,0.211244356,UP
CPM,141.7354779,1.756977001,0.676680271,2.596465535,0.009418835,0.211244356,UP
ASPH,1539.290108,1.938964138,0.746832998,2.596248616,0.009424784,0.211244356,UP
TRMT10A,41.24587477,1.157087269,0.445729325,2.595941541,0.009433211,0.211244356,UP
MGST1,183.7353562,1.561163876,0.601789947,2.594200656,0.009481114,0.211871018,UP
RALGPS2-AS1,8.842246608,-1.872696566,0.722401004,-2.592322761,0.009533029,0.212584544,DOWN
SFN,50.36789082,-1.574583583,0.60825326,-2.588697317,0.009633973,0.21379848,DOWN
RASGEF1A,216.7264773,1.281456276,0.495124763,2.588148225,0.009649345,0.21379848,UP
ENSG00000289691,46.49885683,-1.374682562,0.531250648,-2.587634606,0.009663743,0.21379848,DOWN
ADAM9,516.3996292,1.617755433,0.625222457,2.587487727,0.009667864,0.21379848,UP
ENSG00000267940,12.2071859,1.894246534,0.732479488,2.586074512,0.009707594,0.214231701,UP
LINC00659,12.83390119,2.533609664,0.981594965,2.581115178,0.009848172,0.216884067,UP
ATXN1-AS1,24.77051543,1.485450286,0.576774764,2.575442578,0.010011189,0.220018641,UP
TRBV9,7.293939955,-2.030433383,0.789246259,-2.572623385,0.010093097,0.221361392,DOWN
ENSG00000296488,9.313187186,-1.738444256,0.676398068,-2.570149647,0.010165459,0.222489691,DOWN
UBTD1,351.0653236,1.3759499,0.536105555,2.566565273,0.010271129,0.224340865,UP
GNPAT,421.7203197,0.508156415,0.198285445,2.562751967,0.010384621,0.226354936,UP
ATP13A3,1062.956465,1.379808475,0.538801069,2.56088667,0.010440541,0.227108451,UP
CATSPER1,48.15206325,1.467923792,0.573917817,2.557724726,0.010535946,0.22871603,UP
ENSG00000274270,7.858530282,2.042142281,0.799801974,2.55330988,0.010670452,0.230306201,UP
GGT5,37.35494709,1.74221089,0.682438692,2.552919273,0.010682425,0.230306201,UP
PUS3,54.14735906,1.086158492,0.425504103,2.552639293,0.010691015,0.230306201,UP
GPER1,65.9644193,1.939282068,0.759762881,2.552483302,0.010695804,0.230306201,UP
INTS6-AS1,60.23125222,1.219648958,0.478317282,2.549874329,0.010776176,0.23110325,UP
ALKBH1,36.16125241,0.89962905,0.352813528,2.549871189,0.010776273,0.23110325,UP
EPHA1-AS1,29.03598595,-1.702672557,0.668294201,-2.547788913,0.010840805,0.232019392,DOWN
ACVR1C,11.85544411,-2.097102782,0.824390074,-2.543823426,0.01096465,0.234057812,DOWN
PTPN22,451.6160957,0.985065074,0.387312673,2.543332928,0.010980055,0.234057812,UP
TTC9C,157.0167041,0.76051346,0.299234585,2.541529286,0.01103687,0.234245042,UP
PKM,9865.22105,1.135219792,0.446712652,2.541275218,0.011044894,0.234245042,UP
ZNF576,55.18091481,0.97832684,0.385175295,2.539952206,0.011086762,0.234245042,UP
ENSG00000266709,45.92623805,1.402616659,0.552456152,2.538874179,0.011120981,0.234245042,UP
GPR141BP,5.207219372,2.744139654,1.08095783,2.5386186,0.011129107,0.234245042,UP
STEAP3,84.84093064,1.828050845,0.720153891,2.538416951,0.011135523,0.234245042,UP
HSPA4L,6.228026988,3.426408922,1.350209783,2.537686339,0.011158795,0.234245042,UP
ENSG00000305847,6.479424468,-2.225224946,0.876938925,-2.537491361,0.011165012,0.234245042,DOWN
NAIPP2,306.2368826,2.452523524,0.967789054,2.534150922,0.011272017,0.235618266,UP
TRBV5-6,5.684410906,-1.863272121,0.735322954,-2.533950708,0.01127846,0.235618266,DOWN
ATL3,528.0910431,0.777835803,0.307035081,2.533377622,0.011296918,0.235618266,UP
ERLIN1,469.6832668,1.498822186,0.592057361,2.531548942,0.011355997,0.236386963,UP
ACER3,621.9448907,1.422111804,0.562163238,2.529713272,0.011415577,0.237163077,UP
TUB,9.832180752,-1.60500318,0.634843758,-2.528186123,0.011465355,0.237732913,DOWN
QRICH1,42.27301634,-1.03978427,0.411571206,-2.526377585,0.011524554,0.238130027,DOWN
NCAM1,70.57815876,-1.210820387,0.479298675,-2.526233537,0.011529281,0.238130027,DOWN
IGHV2-70,4.737293332,3.050275957,1.208685495,2.523630811,0.011614984,0.239103859,UP
SOCS3-DT,30.31359173,2.212318287,0.876708338,2.523437032,0.011621387,0.239103859,UP
ENSG00000285897,12.68089498,-1.50029768,0.594884925,-2.521996469,0.011669088,0.239621793,DOWN
MYL12A,6328.65121,1.175797596,0.466409156,2.520957365,0.011703603,0.239867489,UP
MYOSLID,14.30845184,2.159935161,0.857047828,2.520203762,0.011728692,0.239919411,UP
PACERR,11.51888253,-3.122197083,1.23984748,-2.518210614,0.011795277,0.240818344,DOWN
NOS1AP,7.829603721,3.696620247,1.468429625,2.517396941,0.011822555,0.240912871,UP
ENSG00000261804,35.55483815,-2.318698436,0.921690929,-2.515700614,0.011879605,0.241599881,DOWN
MIR3142HG,8.258062705,-1.520672566,0.604648431,-2.514969835,0.011904257,0.241599881,DOWN
INPP1,84.71868042,0.762797597,0.303374821,2.514373452,0.011924409,0.241599881,UP
TMEM120A,887.9592461,1.364169177,0.542923376,2.512636656,0.011983268,0.242330847,UP
USP18,48.13503587,-2.651114322,1.05585396,-2.510872168,0.01204333,0.243083302,DOWN
GGH,74.21108549,1.595787698,0.635956746,2.509270808,0.01209807,0.243725694,UP
ENSG00000261170,4.682802738,2.2526231,0.898746896,2.506404316,0.012196606,0.245246318,UP
RAPGEF3,26.13943607,-1.206406757,0.481790341,-2.504007769,0.012279534,0.246447926,DOWN
SLCO4A1-AS2,113.443287,1.055177157,0.421698383,2.50220821,0.012342132,0.247237768,UP
ENSG00000302423,8.200615124,-1.723716437,0.689079297,-2.501477618,0.012367626,0.247282777,DOWN
ENSG00000293164,26.52590191,-1.049036512,0.419893661,-2.498338529,0.012477697,0.249015508,DOWN
SYAP1,400.4711351,0.794129065,0.318479788,2.493499103,0.01264909,0.251963248,UP
ENSG00000279622,32.56639981,1.778200504,0.713489517,2.492258767,0.012693352,0.25214533,UP
PGK1,5941.50601,1.148074836,0.460719884,2.4919151,0.01270564,0.25214533,UP
ZSCAN18,42.27662841,-1.325044325,0.531936122,-2.490983917,0.012738989,0.252336353,DOWN
JRKL,72.34421154,0.871826345,0.350158214,2.489806924,0.012781251,0.252702908,UP
CHRM3-AS2,80.44438641,-1.661483242,0.667758356,-2.488150433,0.01284094,0.253099498,DOWN
ATP5MF,397.4595208,1.039066743,0.417643059,2.487930109,0.012848898,0.253099498,UP
DCHS1,54.00028414,-1.181465928,0.475151482,-2.486503722,0.012900522,0.253162735,DOWN
ENSG00000287631,25.37166131,-1.789357825,0.719671625,-2.486353167,0.012905982,0.253162735,DOWN
GM2A,1270.428683,1.344299297,0.54077614,2.485870209,0.012923509,0.253162735,UP
APOL1,730.0992293,-1.198668187,0.48244218,-2.484584136,0.012970285,0.253611997,DOWN
ATP5MJ,462.4604778,0.987585469,0.397597574,2.483882028,0.012995885,0.253646298,UP
REEP1,7.97677877,-2.236336155,0.900928509,-2.482257063,0.013055306,0.253786379,DOWN
S100A4,6808.335052,1.192815827,0.4806074,2.481892343,0.013068675,0.253786379,UP
B3GALT4,327.0898744,1.048708732,0.422571687,2.481729758,0.013074639,0.253786379,UP
TEX52,8.477412433,-2.059164606,0.830492616,-2.479449624,0.013158532,0.254949546,DOWN
LINC01579,17.77926736,3.225046496,1.304302324,2.472621904,0.013412596,0.258769575,UP
NT5DC2,175.5009166,1.379366132,0.557910168,2.472380342,0.013421664,0.258769575,UP
PON2,64.36149176,1.50127159,0.607262934,2.472193684,0.013428674,0.258769575,UP
ANGPT2,6.312372031,2.995800156,1.213841876,2.468031639,0.013585831,0.261324566,UP
KCNK13,15.23720921,1.772114773,0.718394749,2.466770219,0.013633782,0.261773528,UP
PSPH,30.56386882,1.196837401,0.485637725,2.464465465,0.013721779,0.262693528,UP
TFPI,54.30966341,2.046892012,0.830802845,2.46375181,0.013749128,0.262693528,UP
CPT2,106.9484956,0.884254292,0.358930871,2.463578266,0.013755786,0.262693528,UP
CTTNBP2NL,31.05089903,1.867325188,0.758412003,2.462151418,0.013810635,0.263268319,UP
NR3C2,45.67966451,-1.691041699,0.687440291,-2.459910659,0.013897161,0.26409346,DOWN
CSTA,431.8146278,1.317782387,0.535856287,2.459208593,0.013924369,0.26409346,UP
ENO1,10621.53688,1.13247326,0.460636919,2.458494346,0.013952097,0.26409346,UP
ENSG00000302099,15.69497692,2.254484806,0.917029392,2.458465156,0.013953232,0.26409346,UP
SDF2,439.9704132,1.031053754,0.419704594,2.456617748,0.014025183,0.264457193,UP
SMANTIS,165.2587613,-1.463536947,0.595778678,-2.456511119,0.014029346,0.264457193,DOWN
TMC3,5.554654899,-2.185601065,0.889988562,-2.455763095,0.01405858,0.264457193,DOWN
NDUFB1,147.5099026,0.766695852,0.312245961,2.455422804,0.014071897,0.264457193,UP
EPPK1,14.73573191,-1.330277612,0.542336773,-2.452862648,0.014172444,0.265516321,DOWN
ALCAM,481.3820932,1.451085155,0.591623518,2.452717159,0.014178177,0.265516321,UP
BTBD19,177.8579977,1.930719324,0.787703782,2.451072813,0.014243114,0.266036853,UP
UBB,9.501009619,-1.567603715,0.639643108,-2.450747448,0.014255994,0.266036853,DOWN
ENSG00000297814,5.123494306,-2.204661676,0.900475104,-2.448331625,0.014351949,0.26688379,DOWN
SLC22A31,11.810951,2.622782297,1.071491246,2.447786957,0.014373662,0.26688379,UP
TUBG1,164.2628219,1.528913559,0.624629657,2.447712085,0.014376649,0.26688379,UP
FHL2,88.07569732,1.518944371,0.620829747,2.446635937,0.014419641,0.267215542,UP
ABI2,122.2240261,-0.762930528,0.311941147,-2.445751502,0.014455059,0.267406025,DOWN
RUFY4,23.62060037,-2.007449533,0.821501963,-2.443633276,0.014540198,0.267952019,DOWN
ENSG00000261026,8.972368386,-3.058179682,1.251490489,-2.443629983,0.014540331,0.267952019,DOWN
LCMT2,28.62655023,1.380141528,0.564914295,2.443098964,0.014561744,0.267952019,UP
EMILIN1,65.53284064,1.644607221,0.673926709,2.440335425,0.01467363,0.267952019,UP
ENSG00000309534,5.914710156,-2.178792811,0.892846647,-2.440276634,0.014676019,0.267952019,DOWN
FCER1A,11.46496638,-2.017121359,0.826852207,-2.439518625,0.014706845,0.267952019,DOWN
GRASLND,14.10006307,-1.791899118,0.734622413,-2.439211064,0.014719368,0.267952019,DOWN
ENSG00000286448,6.77016013,2.997148686,1.229432399,2.437831222,0.014775671,0.267952019,UP
ENSG00000270426,15.50652287,1.564643197,0.641856762,2.437682811,0.014781738,0.267952019,UP
ZNF132,9.631146845,1.720296665,0.7058114,2.437331934,0.01479609,0.267952019,UP
IRF2BPL,1051.720549,1.461991394,0.59984999,2.437261682,0.014798966,0.267952019,UP
PTGFR,9.340827157,2.549179868,1.046018373,2.437031638,0.014808384,0.267952019,UP
COL6A3,83.27413118,1.237414371,0.507874498,2.436456992,0.014831933,0.267952019,UP
ENSG00000287626,12.76364817,1.692962076,0.694882782,2.436327566,0.014837242,0.267952019,UP
TRPS1,340.2525367,1.179518753,0.484749976,2.433251804,0.01496389,0.269781191,UP
ZNF282,414.0089124,0.871607681,0.35863362,2.430356867,0.015083963,0.271205623,UP
LINC00852,38.87813454,-1.093649361,0.450039541,-2.43011838,0.015093892,0.271205623,DOWN
MLH3,164.3262768,-0.920118557,0.378794489,-2.429070603,0.015137584,0.271532012,DOWN
COMMD8,239.042364,0.705161556,0.29038909,2.428333505,0.015168388,0.271626501,UP
RABAC1,315.9541193,1.089137352,0.448760775,2.426988747,0.015224728,0.271796703,UP
FAM153A,34.09257758,-1.824618722,0.751877496,-2.426750013,0.015234749,0.271796703,DOWN
SLC35E4,29.85494134,1.448286425,0.596916749,2.426278752,0.015254548,0.271796703,UP
HSPE1,91.15994506,1.302734197,0.537223395,2.424939437,0.015310941,0.272345279,UP
GRAMD4,366.3829538,1.026866643,0.423823772,2.422862313,0.015398762,0.273450132,UP
UNC45A,812.5095392,0.86102861,0.355610139,2.421271261,0.015466331,0.274192276,UP
CTSB,8316.565439,1.293012779,0.534367168,2.4197085,0.015532953,0.274915178,UP
TMEM158,169.2942326,-1.43225304,0.592896187,-2.415689411,0.015705452,0.277506459,DOWN
NDRG2,30.55718223,-1.375159835,0.569702017,-2.413823005,0.015786129,0.277719449,DOWN
PLEKHG3,1213.233492,-1.093526341,0.453036198,-2.413772556,0.015788315,0.277719449,DOWN
EIF2S2P3,7.626348544,1.953547025,0.809391681,2.41359909,0.015795832,0.277719449,UP
ACER2,11.35545178,-1.352846052,0.560845998,-2.412152456,0.015858649,0.278363773,DOWN
NOL4L,526.9951658,-1.069934604,0.443704071,-2.411369815,0.015892724,0.278502324,DOWN
CCL3,36.61628885,2.06659237,0.857923777,2.40882981,0.016003759,0.279986816,UP
C9orf153,4.755827263,4.202242078,1.745462831,2.407523096,0.016061146,0.280129658,UP
ARPC3P3,50.35907737,0.918798305,0.381648767,2.407444711,0.016064594,0.280129658,UP
TMEM262,6.331716993,-1.570702518,0.652771037,-2.406207428,0.016119109,0.280620241,DOWN
GRM2,7.597447336,-1.811017714,0.753096081,-2.404763163,0.01618295,0.28091451,DOWN
ENSG00000287037,14.49754218,-1.535009662,0.638355767,-2.404630366,0.016188831,0.28091451,DOWN
TSNARE1,83.98703503,-1.04682513,0.435954261,-2.401226975,0.016340198,0.282736381,DOWN
TTC3P1,4.497341071,-2.039965571,0.84965517,-2.400933513,0.016353308,0.282736381,DOWN
ZNF407-AS1,81.4279738,0.782482263,0.326152589,2.399129393,0.016434106,0.282736381,UP
STIM2,406.9690117,-0.832199054,0.34692447,-2.398790303,0.016449332,0.282736381,DOWN
ICAM5,41.4963593,1.622662935,0.676648317,2.398089071,0.016480857,0.282736381,UP
SEC22C,317.8735792,0.719879835,0.300272934,2.39741833,0.016511061,0.282736381,UP
PDCD4-AS1,168.7286481,-1.011251835,0.421854163,-2.397159784,0.016522717,0.282736381,DOWN
CARMIL3,34.24565347,-1.668809586,0.696540312,-2.395854996,0.016581649,0.282736381,DOWN
BCAR1,6.177604651,2.742892926,1.145016197,2.395505786,0.016597452,0.282736381,UP
ENSG00000310446,7.067817496,-1.75214619,0.731488179,-2.395317164,0.016605994,0.282736381,DOWN
NSMCE2,92.02921812,0.799628766,0.333907927,2.394758258,0.016631326,0.282736381,UP
FKBP8,32753.72922,-0.901150513,0.376309638,-2.394704848,0.016633749,0.282736381,DOWN
CHCHD7,279.7125187,0.659562628,0.275439686,2.394580958,0.01663937,0.282736381,UP
ENSG00000294154,7.457666899,2.424115456,1.012975515,2.393064215,0.016708317,0.282867297,UP
TRAV3,10.50818866,-1.946201098,0.813327306,-2.392887937,0.016716346,0.282867297,DOWN
GPR141,600.0730453,1.648377558,0.688931716,2.392657385,0.016726853,0.282867297,UP
FCGR2C,496.2168638,-1.877165364,0.785130433,-2.390896194,0.016807304,0.28350142,DOWN
ROM1,31.29754444,1.298406039,0.543182563,2.390367671,0.016831513,0.28350142,UP
LRATD2,52.83641912,-1.196009726,0.500403923,-2.39008863,0.016844307,0.28350142,DOWN
GBA1,983.8132326,1.333166273,0.558072222,2.388877676,0.016899928,0.283988209,UP
DYNLT4,41.89562778,2.130420956,0.892317938,2.387513313,0.016962788,0.284103255,UP
LITATS1,51.5947646,1.179867871,0.494301995,2.386937306,0.016989388,0.284103255,UP
SPACA6,45.63173542,1.517694071,0.635922667,2.386601626,0.017004907,0.284103255,UP
LINC01220,10.6642903,2.179866059,0.913448604,2.386413476,0.01701361,0.284103255,UP
ASS1,12.31625196,3.437372778,1.441532499,2.384526731,0.017101106,0.285116708,UP
ENSG00000241490,5.445223349,-2.126783798,0.892412071,-2.383185825,0.017163528,0.285601357,DOWN
NEO1,50.35208245,-0.921096646,0.386568782,-2.382749691,0.017183874,0.285601357,DOWN
C6orf132,4.827194764,2.255517809,0.94708476,2.381537435,0.017240538,0.285818024,UP
ENSG00000289150,5.533987252,3.190001548,1.339906325,2.380764602,0.017276748,0.285818024,UP
ZKSCAN4,52.67938755,0.846771289,0.355733,2.380356307,0.017295905,0.285818024,UP
ENSG00000289504,42.73805111,-1.191627978,0.500647092,-2.380175572,0.017304391,0.285818024,DOWN
TRGC1,43.37043152,-1.586746586,0.667289018,-2.377900043,0.017411545,0.286973932,DOWN
MYEOV,11.07621568,-1.841397525,0.774889106,-2.376336833,0.017485493,0.286973932,DOWN
ILDR2,6.67179472,-1.928606195,0.811702956,-2.375999964,0.017501465,0.286973932,DOWN
IER5L,103.5267138,1.202735702,0.506208664,2.375968227,0.01750297,0.286973932,UP
SDHAF2,211.4208911,0.720951142,0.303451627,2.375835477,0.017509268,0.286973932,UP
CD44,8853.395267,1.30279545,0.548717954,2.374253367,0.017584479,0.287346855,UP
ENSG00000309772,58.37701414,2.09951816,0.884297913,2.374220416,0.017586049,0.287346855,UP
ENSG00000303592,5.200582033,-1.801000417,0.759372003,-2.371697153,0.017706597,0.288852181,DOWN
LRRN1,100.9418444,2.680310969,1.130650139,2.370592703,0.01775959,0.288852181,UP
ENSG00000274265,40.14465862,-1.049336814,0.442647658,-2.370591586,0.017759643,0.288852181,DOWN
ENSG00000277511,9.625515105,-1.46275909,0.617571426,-2.368566663,0.017857162,0.289994858,DOWN
CKS2,36.33324318,1.508701508,0.637972631,2.364837351,0.018037991,0.292484922,UP
ENSG00000276345,40.609551,1.830899595,0.774820574,2.362998167,0.018127759,0.293448108,UP
LSM10,511.5441083,0.813920633,0.344517937,2.362491311,0.018152567,0.293448108,UP
MFAP1,208.9571288,0.954948599,0.404526612,2.360657049,0.018242592,0.294455923,UP
PAIP1P2,24.3895376,1.131129146,0.479719742,2.357895761,0.018378853,0.296205847,UP
ZSWIM5,8.81882196,-1.771098291,0.751550633,-2.356592109,0.018443493,0.296797935,DOWN
GPR132,404.5317598,0.709479598,0.3012572,2.355062707,0.01851958,0.297455868,UP
MAN1C1,90.63176878,-1.161234926,0.4931673,-2.354647048,0.018540306,0.297455868,DOWN
COX7A2,473.6973838,0.968548076,0.411961883,2.351062358,0.018719896,0.299884846,UP
ENSG00000289947,16.97758169,-2.236950286,0.952062116,-2.349584391,0.018794383,0.300625343,DOWN
CHIT1,59.1617344,1.644756791,0.700625699,2.347554183,0.018897124,0.300769296,UP
LYPD4,9.222403524,-2.081084017,0.886605964,-2.347247934,0.018912665,0.300769296,DOWN
GADD45G,81.85917249,-1.180015221,0.502779659,-2.346982819,0.018926127,0.300769296,DOWN
LRIF1,150.2928595,0.908477487,0.387124168,2.346734101,0.018938765,0.300769296,UP
GYS1,555.940007,0.815846736,0.347747566,2.346088986,0.018971577,0.300769296,UP
IGLV3-19,43.16666138,1.597229882,0.681057442,2.345220509,0.019015829,0.300769296,UP
EMC6,10.73652607,1.118316729,0.476891525,2.345012796,0.019026427,0.300769296,UP
IPO11,173.5744895,1.248446839,0.532397874,2.344950834,0.019029589,0.300769296,UP
ENSG00000285518,6.050004424,-2.153285483,0.918615329,-2.344055683,0.019075323,0.301044828,DOWN
ENSG00000251584,12.31285893,3.277232981,1.400608936,2.339862967,0.019290816,0.303994689,UP
VKORC1,34.61293709,1.217080197,0.520444907,2.338538008,0.019359356,0.304623482,UP
GMFG,4711.865343,1.129663034,0.48354589,2.336206462,0.019480484,0.305044517,UP
ENSG00000260948,4.497850821,-1.943585884,0.831984024,-2.336085583,0.019486782,0.305044517,DOWN
OXSM,38.16886279,1.033658093,0.442487379,2.336017119,0.019490349,0.305044517,UP
SEC14L3,10.40792517,-1.374613499,0.588561712,-2.335546931,0.019514867,0.305044517,DOWN
GLDN,8.436554487,2.125284647,0.910082269,2.335266514,0.019529502,0.305044517,UP
ENSG00000300586,10.70726792,3.102193135,1.328825211,2.334538139,0.019567561,0.305190837,UP
ENSG00000289601,4.228930316,-2.118653479,0.908095357,-2.333073792,0.019644273,0.305938695,DOWN
RAB20,586.0959054,1.408809991,0.605077794,2.328312169,0.019895534,0.309398817,UP
CCNG1P1,7.263564998,3.597114854,1.54612473,2.326536006,0.019989974,0.310413654,UP
UBE2V1,27.11722139,-0.941936161,0.405096555,-2.325213954,0.020060523,0.310507791,DOWN
MAP3K14,299.8229375,-0.816924341,0.351406206,-2.324729409,0.020086434,0.310507791,DOWN
ENSG00000309538,7.513905831,-2.763427131,1.188715792,-2.32471643,0.020087128,0.310507791,DOWN
BCDIN3D,28.50913973,1.088535453,0.468341011,2.324236886,0.020112801,0.310507791,UP
MED8,213.4162391,0.683875544,0.294586899,2.321473038,0.020261328,0.312329574,UP
MED19,69.9369338,0.863615951,0.372106205,2.320885652,0.020293016,0.312329574,UP
ANKRD35,5.613171302,1.870901417,0.806349057,2.320212818,0.020329368,0.312329574,UP
ABHD8,161.9698121,1.115881021,0.481011473,2.31986363,0.020348256,0.312329574,UP
CD59,887.0695568,1.436418306,0.619349466,2.319237175,0.02038218,0.312399491,UP
MEGF6,316.5676614,-1.346125684,0.580672271,-2.318219334,0.020437404,0.312647014,DOWN
LINC03125,4.503066753,2.941185589,1.268924724,2.317856633,0.020457114,0.312647014,UP
TMEM186,45.26036642,0.634099689,0.273699981,2.316769211,0.020516307,0.312683904,UP
ENSG00000291046,58.3823463,1.789453052,0.772403899,2.316732289,0.02051832,0.312683904,UP
ENSG00000308725,12.74378205,-1.812516864,0.783107147,-2.314519631,0.020639236,0.313883883,DOWN
LINC01619,32.06359215,-0.967826481,0.418209894,-2.314212301,0.02065608,0.313883883,DOWN
ENSG00000279833,79.05332178,-1.656029096,0.716023876,-2.312812674,0.020732941,0.31460241,DOWN
SGPP2,69.59853384,1.019484405,0.441065797,2.31141116,0.020810155,0.314843626,UP
CCM2L,8.476618399,3.185045012,1.378229441,2.310968637,0.020834587,0.314843626,UP
FZD7,5.601902024,2.041221589,0.883296411,2.310913487,0.020837634,0.314843626,UP
ENSG00000260005,32.53336916,-1.118518112,0.484713548,-2.307585822,0.021022184,0.316830889,DOWN
FGD6,35.12747161,-1.459136123,0.632353718,-2.307468243,0.021028731,0.316830889,DOWN
C12orf42,6.353043732,-1.885714714,0.817776877,-2.305903684,0.021116015,0.316989671,DOWN
SAR1B,420.1976983,0.867987113,0.37643943,2.305781603,0.021122839,0.316989671,UP
KLC3,45.07761282,-2.054779122,0.891182446,-2.305677284,0.021128671,0.316989671,DOWN
CA4,1048.980406,1.753260706,0.760771244,2.304583301,0.021189922,0.317460847,UP
CADM1,42.94365492,1.906140495,0.827865737,2.302475399,0.021308377,0.31828891,UP
DACT3-AS1,36.83122416,-1.249247982,0.542682429,-2.301987159,0.021335896,0.31828891,DOWN
VIM,12585.26003,1.08930107,0.473251654,2.301737479,0.021349981,0.31828891,UP
ADORA2A-AS1,37.47503206,-1.900898703,0.826065974,-2.301146352,0.02138336,0.31828891,DOWN
ENTPD2,7.534988961,-2.729112487,1.186083938,-2.300943803,0.021394808,0.31828891,DOWN
EIF4E,206.9864201,0.591136895,0.257148523,2.298815048,0.021515444,0.319636561,UP
TAF8,433.4910146,0.622499943,0.270896931,2.297921726,0.021566244,0.319944411,UP
ENSG00000298372,18.79652302,2.171135961,0.945431497,2.296449789,0.021650177,0.320067778,UP
ACTG1,28316.08349,0.782580822,0.340813658,2.296213204,0.021663694,0.320067778,UP
MAP4K2,828.9248785,-0.508369662,0.221396717,-2.29619332,0.02166483,0.320067778,DOWN
OTULIN-DT,12.69068785,2.228370701,0.970926474,2.295097272,0.02172755,0.320549173,UP
SDCBPP3,4.423540712,3.782713135,1.649349846,2.293457112,0.021821702,0.321035458,UP
ENSG00000265749,7.152420396,-1.640067734,0.715167506,-2.293263773,0.021832824,0.321035458,DOWN
LINC01932,4.887102753,3.238019198,1.412610873,2.292223046,0.021892776,0.321035458,UP
ITGAM,10838.66753,1.50594371,0.657199607,2.291455586,0.021937078,0.321035458,UP
CEP72,23.8917632,-1.39144323,0.607478192,-2.290523755,0.021990973,0.321035458,DOWN
ENSG00000249309,13.41072547,2.314569534,1.01058902,2.290317318,0.022002929,0.321035458,UP
CD151,1051.495685,1.217585935,0.531646188,2.290218501,0.022008653,0.321035458,UP
ENSG00000304722,46.06324718,-1.066248649,0.465581646,-2.290143216,0.022013016,0.321035458,DOWN
ITPKB-IT1,15.21350047,-1.339772357,0.58519366,-2.289451249,0.022053147,0.321035458,DOWN
MIR7152,4.273499652,-1.969223061,0.86037969,-2.28878376,0.02209192,0.321035458,DOWN
MMP19,16.25286433,2.521286393,1.101588318,2.288773721,0.022092503,0.321035458,UP
DLGAP1-AS1,72.87660838,0.964003276,0.421401429,2.287612734,0.022160084,0.321578186,UP
ENSG00000304079,86.49501921,3.920649303,1.714741866,2.286437032,0.022228704,0.321917822,UP
ZDHHC3,1136.009349,0.870849629,0.380967938,2.285886928,0.022260874,0.321917822,UP
EDAR,14.15733182,-1.875832822,0.820712535,-2.285614927,0.022276796,0.321917822,DOWN
GBE1,226.9088791,1.064075051,0.465649565,2.285141296,0.022304544,0.321917822,UP
FBXO34,450.8192802,0.920176451,0.402827095,2.284296323,0.022354122,0.321931933,UP
CCND3,4810.459144,0.807009768,0.353472951,2.283087763,0.022425199,0.321931933,UP
GOLM1,153.4981001,-0.83479735,0.365731423,-2.282542046,0.022457358,0.321931933,DOWN
DHRS13,335.9609223,1.584868677,0.694851259,2.280874729,0.022555861,0.321931933,UP
SUCLG1,468.0836735,0.73875596,0.323902885,2.280794628,0.022560602,0.321931933,UP
SLC51A,337.8953124,1.753088224,0.768656531,2.280717269,0.022565183,0.321931933,UP
ARHGAP42,13.73469313,1.165523532,0.511081527,2.28050413,0.022577806,0.321931933,UP
LRRC37A3,52.114364,1.36780248,0.599788266,2.280475557,0.022579499,0.321931933,UP
HOXA10,7.740049761,1.568918375,0.688049335,2.280241105,0.022593393,0.321931933,UP
ACVR1B,572.4504207,1.349737732,0.591992362,2.279991802,0.022608175,0.321931933,UP
ENSG00000250138,1039.091248,2.238030763,0.982435814,2.27804273,0.022724032,0.322805033,UP
JPT1,934.4262717,0.962778634,0.4226533,2.27793947,0.022730184,0.322805033,UP
FLT1,70.94234452,1.693726771,0.743828072,2.277040668,0.022783797,0.323135001,UP
MIA2-AS1,5.863164907,1.542530666,0.677657428,2.276269104,0.022829908,0.323357833,UP
AZI2,236.5939799,1.127423245,0.495447232,2.275566744,0.022871954,0.323522568,UP
ENSG00000279913,13.01777413,-2.182676969,0.959896263,-2.273867555,0.022973951,0.324533753,DOWN
GAS6-AS1,34.88726433,-1.510069772,0.664447122,-2.272671099,0.023046008,0.32511987,DOWN
ENSG00000258634,46.42536146,-0.908188437,0.39980908,-2.271555305,0.023113383,0.325638484,DOWN
TMEM39A,169.2772293,0.727239684,0.320316268,2.270380113,0.02318453,0.325810953,UP
OLFML2B,57.17171428,2.001185345,0.881446929,2.270341275,0.023186885,0.325810953,UP
MIR22HG,530.7749426,-1.248207078,0.549969315,-2.269594039,0.023232226,0.326017394,DOWN
CA3,18.20573006,2.689009615,1.185527636,2.268196483,0.023317234,0.326779203,UP
OAT,555.4529252,0.973941653,0.429873916,2.265644917,0.023473133,0.328273631,UP
ENSG00000308547,4.811805923,3.361665709,1.483889782,2.265441645,0.023485591,0.328273631,UP
KCNA6,5.207092424,-2.12914671,0.940341425,-2.264227283,0.023560139,0.328883468,DOWN
MIAT,1389.291556,1.758306009,0.777278582,2.262131044,0.023689308,0.330253172,UP
ENSG00000269243,8.020740457,-1.898100577,0.839347785,-2.261399399,0.023734536,0.3304506,DOWN
ENSG00000272345,15.71881959,1.204761881,0.532889611,2.260809473,0.023771058,0.330526459,UP
HEXB,845.5088757,0.859718233,0.380489391,2.259506449,0.0238519,0.331035044,UP
ENSG00000250348,51.98431141,-1.592395679,0.70493628,-2.258921445,0.023888272,0.331035044,DOWN
MMP1,7.724197903,-2.904060605,1.285833303,-2.258504736,0.02391421,0.331035044,DOWN
SELENOT,1321.484384,1.129959776,0.500436009,2.257950577,0.023948741,0.331035044,UP
RASGRF2,73.8008017,-1.065807125,0.47207272,-2.2577181,0.02396324,0.331035044,DOWN
ENSG00000272941,51.98601224,-1.285685117,0.569702701,-2.256765004,0.024022763,0.331294635,DOWN
ACVR2B,38.04527353,-1.355770905,0.600850344,-2.256420284,0.024044322,0.331294635,DOWN
CICP23,9.636774046,2.880897694,1.2771488,2.255725953,0.024087799,0.331294898,UP
ENSG00000294522,4.221425912,2.789594006,1.237072918,2.254995615,0.024133604,0.331294898,UP
ENSG00000292993,6.039112098,-1.721321657,0.76335954,-2.25492912,0.024137778,0.331294898,DOWN
ENSG00000285534,11.5128261,2.177653909,0.966027018,2.254237064,0.024181258,0.331463974,UP
ENSG00000298634,28.49347712,1.163830653,0.517141343,2.250507851,0.024416726,0.334260889,UP
ENSG00000288746,28.49665977,1.116140361,0.496279781,2.249014371,0.024511582,0.335128143,UP
RFX2,581.9305224,1.597816941,0.710754499,2.248057443,0.024572527,0.335530132,UP
IL1RAP,1074.933633,1.918223139,0.853993674,2.246179564,0.024692509,0.335697038,UP
RAB11FIP4,1010.770743,-0.955776959,0.425649942,-2.245453046,0.024739063,0.335697038,DOWN
ENSG00000294706,5.793910787,2.587720566,1.152689955,2.244940676,0.024771941,0.335697038,UP
ATP6V1E1,1225.624199,0.796682623,0.35488708,2.244890469,0.024775165,0.335697038,UP
NCF1C,256.0974878,-1.519234707,0.676785636,-2.244779773,0.024782274,0.335697038,DOWN
SLC4A9,7.085772999,3.315993664,1.477266162,2.24468261,0.024788515,0.335697038,UP
CERNA1,7.431173794,-1.5945713,0.710461653,-2.244415716,0.024805666,0.335697038,DOWN
HSD17B4,518.7617789,0.542774503,0.241938073,2.243443941,0.024868201,0.336115698,UP
CLEC4D,890.3041763,1.769783048,0.789060118,2.242900139,0.024903255,0.336162337,UP
PLD6,68.11740805,1.355207242,0.604439961,2.242087435,0.024955722,0.336443617,UP
RASIP1,4.701042036,3.3257754,1.484652045,2.24010428,0.025084154,0.336994541,UP
TMCO3,1108.145418,1.449583043,0.64711142,2.240082619,0.02508556,0.336994541,UP
SLC45A3,42.99960325,-1.016000849,0.453645607,-2.239635593,0.02511459,0.336994541,DOWN
FSTL4,34.60115588,2.212124326,0.987775383,2.239501373,0.025123312,0.336994541,UP
ENSG00000307471,7.26020277,-2.00847764,0.897320428,-2.238305936,0.025201111,0.337246177,DOWN
ENSG00000279762,4.219511518,2.240815005,1.001150963,2.238238874,0.025205482,0.337246177,UP
PFN1,9836.865113,0.833079485,0.372385038,2.237145425,0.025276837,0.337588306,UP
IGLV2-23,77.32879692,1.706619722,0.762948267,2.23687476,0.025294527,0.337588306,UP
POMC,23.44745393,1.216917544,0.544167282,2.236293111,0.025332577,0.337631374,UP
CD160,43.30191353,-1.402660648,0.627637038,-2.234827717,0.025428661,0.337631374,DOWN
NOL3,50.88686639,1.215640122,0.543962217,2.234787794,0.025431284,0.337631374,UP
RPP38,52.25983071,0.955072354,0.427383096,2.234698475,0.025437151,0.337631374,UP
PTPRJ-AS1,7.796634362,1.713583219,0.766908186,2.234404654,0.02545646,0.337631374,UP
EGR1,1087.435642,-1.818147408,0.81408852,-2.233353453,0.025525645,0.338127381,DOWN
NEURL1,74.81891394,-1.899753754,0.850958797,-2.232486179,0.025582848,0.33846362,DOWN
ZNF736,81.27660797,-0.970655936,0.435019307,-2.231293922,0.025661666,0.338464118,DOWN
ARHGDIB,17877.69842,0.891627536,0.399612572,2.231229941,0.025665902,0.338464118,UP
SOX13,42.58102106,-1.416869188,0.635070589,-2.231042049,0.025678344,0.338464118,DOWN
GRINA,6865.530681,1.310984651,0.587824214,2.230232474,0.025732013,0.338751766,UP
PHLDA1,42.87849488,1.417477169,0.635973227,2.228831509,0.025825118,0.339557201,UP
ENSG00000274213,57.1143374,1.911209114,0.858655822,2.225815124,0.026026567,0.341356534,UP
ENSG00000289406,10.35833496,-1.649102251,0.741048232,-2.225364261,0.026056795,0.341356534,DOWN
ZNF296,81.03268083,-0.75819867,0.340710969,-2.225342705,0.026058241,0.341356534,DOWN
ENSG00000290460,8.600611156,1.396611235,0.627845674,2.22444988,0.026118191,0.341426224,UP
NUDT16,1155.370814,1.198374977,0.538793838,2.224180927,0.026136274,0.341426224,UP
COL10A1,9.64188871,-1.258477908,0.565905514,-2.22383044,0.026159855,0.341426224,DOWN
TACSTD2,11.07911107,2.521507483,1.134731085,2.222118982,0.026275266,0.342512257,UP
MTIF3,272.6850187,0.660477937,0.297353253,2.221189547,0.026338126,0.342911438,UP
ZNF2,25.34944238,1.057205035,0.476525217,2.218571015,0.026515923,0.344228304,UP
ENSG00000305314,10.31982205,6.592430843,2.971476764,2.218570551,0.026515955,0.344228304,UP
ENSG00000253227,7.282553181,-2.14954511,0.969018229,-2.218271076,0.026536355,0.344228304,DOWN
LINC03014,51.28666658,1.22556503,0.552907929,2.216580673,0.026651759,0.344949191,UP
SRI,511.5004954,0.91924723,0.414727836,2.216507187,0.026656786,0.344949191,UP
RIMKLB,56.83348812,-1.144633258,0.516551371,-2.215913696,0.026697413,0.345055147,DOWN
MEF2C-AS1,16.34942072,-1.266012957,0.571474773,-2.215343556,0.026736492,0.345140861,DOWN
PAXIP1-AS2,70.754272,-0.777797959,0.351840931,-2.210652289,0.027059925,0.348249097,DOWN
ENSG00000286808,7.531652305,-1.637542429,0.741246229,-2.209174718,0.027162491,0.348249097,DOWN
ITPKB,1197.733251,-0.75001708,0.339528083,-2.20899866,0.027174734,0.348249097,DOWN
NDUFS2,840.5453365,0.582021714,0.263479696,2.208981274,0.027175943,0.348249097,UP
ENSG00000268170,64.41577391,2.652261019,1.200907707,2.20854692,0.027206171,0.348249097,UP
ANKRD27,312.7535528,0.599562967,0.271586192,2.207634209,0.027269782,0.348249097,UP
PTGER2,842.5149784,1.05559982,0.47818765,2.207501219,0.027279062,0.348249097,UP
JADE2,871.2540346,-0.840473405,0.380897427,-2.206560996,0.027344744,0.348249097,DOWN
NKAP,167.8159208,0.762873234,0.345761656,2.206355796,0.027359097,0.348249097,UP
INSIG1-DT,44.43406833,-0.877108195,0.39758386,-2.206096077,0.027377273,0.348249097,DOWN
COX7C,736.2644055,1.118844914,0.507230731,2.205790869,0.027398646,0.348249097,UP
LINC02795,8.501679892,2.17486713,0.986007256,2.205731366,0.027402814,0.348249097,UP
FIBP,543.6643693,1.03033818,0.467187649,2.205405432,0.027425657,0.348249097,UP
ENSG00000296560,7.508775291,2.67830187,1.214504361,2.205263279,0.027435625,0.348249097,UP
DOCK3,8.063331154,-1.586537942,0.719731338,-2.204347451,0.027499918,0.348649142,DOWN
ACVRL1,58.07720637,1.93142021,0.87649046,2.203583835,0.027553625,0.348739096,UP
TIMP3,20.62388195,2.961014997,1.343891167,2.203314575,0.027572584,0.348739096,UP
NAA38,306.3303274,0.943854452,0.428775308,2.201279864,0.027716217,0.350117643,UP
LINC03062,14.88754844,-1.95153797,0.886724457,-2.200839228,0.027747407,0.350117643,DOWN
ENSG00000305656,9.231761272,1.860453698,0.845694692,2.19991176,0.027813156,0.350173697,UP
TRPC1,7.611305535,-1.567613668,0.712813542,-2.199191758,0.02786429,0.350173697,DOWN
TMEM216,111.3729562,0.880179263,0.400262973,2.199002465,0.027877747,0.350173697,UP
MME-AS1,13.58561527,-2.42566151,1.103122907,-2.198904124,0.02788474,0.350173697,DOWN
ENSG00000265907,47.65463428,1.981221608,0.901450193,2.197815945,0.027962225,0.350173697,UP
ARPC5,6410.662637,1.081837423,0.492292776,2.197548846,0.027981272,0.350173697,UP
RNF181,405.9016338,0.985092533,0.44827799,2.19750368,0.027984494,0.350173697,UP
AURKA,69.81700533,1.559777558,0.710154638,2.196391428,0.028063939,0.350173697,UP
ARID5A,1409.887299,1.104909224,0.50307276,2.196320913,0.028068982,0.350173697,UP
NUDT5,557.3226287,1.1130265,0.506807549,2.196152174,0.028081053,0.350173697,UP
YIPF1,568.08602,1.0339758,0.471168859,2.194490956,0.028200133,0.351246861,UP
TEAD3,7.852720233,2.024544623,0.923197753,2.192969618,0.028309568,0.352197516,UP
RAB3C,4.256571219,2.31876504,1.057936784,2.191780337,0.028395372,0.352852299,UP
PLCB1,31.68718818,-1.110633047,0.506912301,-2.190976713,0.028453478,0.353161776,DOWN
ATP5IF1,210.468486,0.908408055,0.414735324,2.190332009,0.028500167,0.353328994,UP
CCDC146,77.55576272,-1.160612369,0.530140248,-2.189255339,0.028578286,0.353821572,DOWN
CPNE2,562.0384197,1.078595426,0.492764004,2.188868133,0.028606426,0.353821572,UP
PKD1P6,12.49692817,-1.456841982,0.665858,-2.187916916,0.028675655,0.354171585,DOWN
ZC3H12D,137.7476182,-0.953493875,0.436022385,-2.186800283,0.028757107,0.354171585,DOWN
ZNHIT2,60.04272496,1.140402925,0.52155543,2.186542137,0.028775965,0.354171585,UP
FASTKD3,58.00457871,0.876892129,0.401061822,2.186426331,0.028784429,0.354171585,UP
CYP51A1,13.59595966,1.452211411,0.664263787,2.186196867,0.028801205,0.354171585,UP
SLC1A7,12.14466186,-2.24396532,1.026754433,-2.185493677,0.028852669,0.354394736,DOWN
SATB2-AS1,7.164142283,2.260683461,1.034852898,2.184545713,0.028922172,0.35483869,UP
LINC01907,9.208201253,1.829781857,0.838588479,2.181978293,0.029111135,0.356600768,UP
PPP1R10,814.1467778,0.813887229,0.373169749,2.181010734,0.029182623,0.356600768,UP
ACO1,178.9713695,-0.988904501,0.453628135,-2.179989345,0.029258251,0.356600768,DOWN
ZNF66,42.8743203,-1.504440319,0.690154757,-2.179859376,0.029267887,0.356600768,DOWN
TIGD3,30.66620304,-1.40371475,0.644157542,-2.179148203,0.02932066,0.356600768,DOWN
BANF1P3,5.154264792,2.974386524,1.365406865,2.178388436,0.02937713,0.356600768,UP
ZXDB,68.48257171,-1.233070296,0.566105942,-2.178161728,0.029393998,0.356600768,DOWN
SLC16A3,5051.28626,1.36674481,0.627508246,2.178050758,0.029402258,0.356600768,UP
WNT11,13.38339128,1.606938369,0.737847762,2.177872527,0.029415528,0.356600768,UP
IGSF9B,70.51843398,-1.579343665,0.725248821,-2.177657678,0.029431532,0.356600768,DOWN
KCTD15,69.29279117,-1.316088083,0.604478835,-2.17722773,0.02946358,0.356600768,DOWN
PPP2R3B,46.85853061,1.576415381,0.724195538,2.176781405,0.029496881,0.356600768,UP
PXK,1072.272557,1.305409855,0.599714734,2.176717996,0.029501615,0.356600768,UP
CR1,8263.124202,2.031167412,0.933778121,2.175214183,0.02961407,0.357262684,UP
RNASE2CP,34.26609894,1.614218265,0.74213941,2.175087651,0.029623549,0.357262684,UP
ZNF780A,153.6747584,0.989963185,0.455428115,2.173698005,0.029727823,0.357938189,UP
SLC25A24,456.7486042,1.174587577,0.540426705,2.173444737,0.029746861,0.357938189,UP
KCNMB1,35.90463913,-0.93463182,0.430118496,-2.172963564,0.02978306,0.35796882,DOWN
ENC1,118.0248219,-0.79397036,0.365516627,-2.172186708,0.029841583,0.358212498,DOWN
ERVK3-1,67.26280902,-0.802980401,0.369730214,-2.171800872,0.029870686,0.358212498,DOWN
ABRAXAS2,164.0980963,0.538907003,0.248276856,2.170588961,0.029962257,0.358906003,UP
LDHAP2,10.44636593,-1.780913224,0.820689652,-2.170020323,0.030005306,0.359017372,DOWN
TSNAX,413.474379,0.881891465,0.406588096,2.169004635,0.030082332,0.359534568,UP
TSC22D3,11494.23936,0.853850182,0.394167818,2.166209778,0.03029516,0.361671851,UP
KYAT3,216.4536802,0.52219757,0.241121777,2.16570057,0.030334075,0.361730449,UP
LRRC39,8.906793677,-1.271345675,0.587178178,-2.165178685,0.030374004,0.361800986,DOWN
MAPK8IP1,7.866076796,-1.305729956,0.603299661,-2.164314087,0.030440252,0.362184523,DOWN
KIAA1614-AS1,4.488262254,3.580474616,1.6548969,2.163563552,0.030497861,0.362464527,UP
LINC02884,6.386571587,-1.91394584,0.884825184,-2.163077943,0.030535185,0.362503086,DOWN
ENSG00000289727,44.18397592,1.598016474,0.739308402,2.161501844,0.030656595,0.363493061,UP
TOLLIP,1261.244194,0.745933853,0.345162531,2.161109005,0.03068692,0.363493061,UP
ENSG00000225931,15.3455362,-1.855868287,0.859212093,-2.159965277,0.030775358,0.364135128,DOWN
HPN,24.60840032,2.222522062,1.029357831,2.159134554,0.03083973,0.364203998,UP
ENSG00000273243,7.252156877,-2.017834536,0.934774926,-2.158631431,0.030878772,0.364203998,DOWN
RUNX1-AS1,13.17668371,2.128618528,0.986126475,2.158565439,0.030883896,0.364203998,UP
ARPC3,4468.759155,0.874695764,0.405343189,2.157914056,0.030934514,0.364396933,UP
TADA3,868.5362192,0.703150454,0.325932984,2.157346724,0.030978659,0.36451327,UP
RPL37A-DT,7.334771084,1.583891894,0.734710129,2.155805169,0.031098882,0.365523541,UP
PATL2,291.6581199,-1.133839828,0.52632625,-2.154252858,0.031220348,0.365826669,DOWN
FERMT3,6952.847429,0.705477137,0.327552099,2.153786036,0.031256955,0.365826669,UP
ASPHD2,77.14796118,-0.991886019,0.460633876,-2.153306716,0.031294581,0.365826669,DOWN
PYGL,8938.895073,1.621360127,0.753009637,2.153173142,0.031305074,0.365826669,UP
BRK1,1192.851558,0.658525261,0.305872623,2.152939528,0.031323431,0.365826669,UP
PTPRF,27.13265548,-0.950675437,0.441590705,-2.15284295,0.031331023,0.365826669,DOWN
TRNAU1AP,184.7903016,0.620662955,0.28842241,2.151923476,0.031403382,0.366235285,UP
ENSG00000297976,12.95178431,-1.469403145,0.683040234,-2.151268799,0.031454989,0.366235285,DOWN
COPB2,735.1256461,0.822374743,0.382306541,2.151087296,0.03146931,0.366235285,UP
ACAA1,1267.923846,0.888826221,0.413332336,2.150391204,0.031524283,0.366375974,UP
ENSG00000257258,18.89921264,2.147436586,0.998932177,2.149732121,0.03157641,0.366375974,UP
MCF2L,29.49068288,-1.217273914,0.566484025,-2.148823021,0.031648432,0.366375974,DOWN
ZC2HC1A,24.20370968,-1.259962257,0.586399137,-2.148642755,0.03166273,0.366375974,DOWN
ABCC2,92.46440272,1.626798622,0.757284069,2.1482013,0.031697767,0.366375974,UP
RRAGA,545.7651998,0.731287961,0.34044803,2.148016429,0.03171245,0.366375974,UP
IGKV1-39,36.3802618,1.799935639,0.838001821,2.14788989,0.031722504,0.366375974,UP
ELOB,1298.733303,0.948986671,0.441962496,2.147210858,0.031776499,0.366601536,UP
EXOSC10-AS1,6.86013832,-1.611254758,0.751095022,-2.145207611,0.031936251,0.368045401,DOWN
CBLL1-AS1,36.31642557,1.08900395,0.50807282,2.143401316,0.032080888,0.3690584,UP
ENSG00000272106,48.3360333,-0.861793599,0.402130558,-2.143069166,0.032107545,0.3690584,DOWN
ANKS1A,600.7454552,1.290959317,0.602460519,2.142811482,0.032128239,0.3690584,UP
ATOH8,25.05429427,1.936074275,0.904352461,2.140840389,0.032286912,0.370480992,UP
EPHA4,41.67763131,-1.265149709,0.591081734,-2.140397232,0.032322678,0.370491731,DOWN
STMN3,198.316954,-0.973568235,0.45518159,-2.138856793,0.032447268,0.371415326,DOWN
DLD,533.4322323,0.5948905,0.278176236,2.138538172,0.03247309,0.371415326,UP
FUT1,4.917112553,2.525316519,1.181236661,2.13785823,0.032528251,0.371646625,UP
TCAF2,113.5306202,0.737101111,0.345060553,2.136150031,0.032667187,0.372593191,UP
TMEM255A,7.206994888,-1.668190386,0.780995819,-2.135978637,0.032681155,0.372593191,DOWN
CHAC1,9.855249632,2.599644826,1.21773702,2.134816289,0.032776019,0.373274643,UP
GRIN3A,33.26919282,-1.09274605,0.512084959,-2.133915534,0.032849696,0.373476293,DOWN
ENSG00000293518,4.175966366,-2.095720583,0.982181108,-2.133741492,0.032863948,0.373476293,DOWN
GSR,1042.922444,0.781427539,0.366478793,2.132258549,0.032985598,0.3744587,UP
ENSG00000254756,8.826072452,-1.448760845,0.679689805,-2.13150298,0.033047727,0.374764045,DOWN
ENSG00000304354,31.9899496,-1.560658433,0.733088663,-2.128880871,0.033264118,0.376677712,DOWN
ARL4AP2,9.442074986,2.009278662,0.944018684,2.128431032,0.033301363,0.376677712,UP
PDK4,267.2520216,1.524876648,0.716519012,2.128173324,0.033322716,0.376677712,UP
ZNF512B,101.4472224,-1.129300937,0.530825507,-2.127442865,0.033383304,0.376733744,DOWN
LSM6,141.8218787,0.749205855,0.352363346,2.126230959,0.033484034,0.376733744,UP
THEMIS,230.0340467,-1.436399377,0.675622099,-2.126039658,0.033499958,0.376733744,DOWN
ATP5PB,1115.737459,0.717237142,0.337408313,2.125724575,0.033526199,0.376733744,UP
PDE4D,507.7935383,1.333650979,0.627410298,2.125644069,0.033532907,0.376733744,UP
KDELR2,496.5497239,0.68489803,0.322285699,2.125126969,0.03357602,0.376733744,UP
MARCKSL1,410.6672579,-1.113121916,0.523793267,-2.125116885,0.033576861,0.376733744,DOWN
EDA,8.667164121,-1.744189502,0.82090798,-2.124707695,0.033611011,0.376733744,DOWN
SPDYA,7.989065384,2.094563725,0.986048839,2.124198763,0.033653527,0.37677693,UP
ENSG00000293110,4.516810116,3.713348366,1.748880375,2.123271791,0.033731083,0.37677693,UP
CTR9,762.9640886,0.613206231,0.288822768,2.123122893,0.033743555,0.37677693,UP
RNF207,12.39596032,-1.333159463,0.627969702,-2.122967812,0.033756549,0.37677693,DOWN
ULK2,150.215096,-1.108181955,0.522346838,-2.121544298,0.033876024,0.377011104,DOWN
DDX11L2,5.573074228,-2.964793994,1.398601305,-2.119827848,0.034020566,0.377011104,DOWN
LRRC37A16P,13.00194539,-1.514746479,0.714816257,-2.11907111,0.034084458,0.377011104,DOWN
ENSG00000267780,10.23009616,2.630424709,1.241455208,2.118823694,0.03410537,0.377011104,UP
POC1A,44.38755008,0.959605446,0.452933117,2.118647126,0.0341203,0.377011104,UP
ENSG00000310385,7.266924235,-1.91071702,0.901981021,-2.118356126,0.034144919,0.377011104,DOWN
HLA-DOB,65.67332752,-1.321405549,0.623810389,-2.118280767,0.034151296,0.377011104,DOWN
AKR1C3,50.08085852,1.579583083,0.745799776,2.117972054,0.034177434,0.377011104,UP
SOCS6,35.31572016,1.004726271,0.474385031,2.117955258,0.034178857,0.377011104,UP
UNC5A,52.94053558,1.669545697,0.788353098,2.117763855,0.034195072,0.377011104,UP
ANKRD44-IT1,51.27855205,-1.337166541,0.631694568,-2.116792843,0.034277433,0.377011104,DOWN
SH2B3,1190.331355,-0.792472288,0.374378224,-2.116769182,0.034279442,0.377011104,DOWN
SRP54,489.6758961,0.758955209,0.358566012,2.116640128,0.034290402,0.377011104,UP
DBI,413.7067188,0.850225242,0.401704372,2.116544655,0.034298512,0.377011104,UP
ENSG00000293161,7.332347093,1.435329746,0.678187867,2.116419088,0.03430918,0.377011104,UP
NDUFA4,541.9577001,0.852258409,0.402852578,2.115559028,0.03438233,0.377425015,UP
DMRTC2,5.987453362,-2.139766968,1.011975529,-2.114445366,0.034477246,0.378076773,DOWN
FAM81B,5.533068299,-2.124494067,1.005288691,-2.113317384,0.034573612,0.378444714,DOWN
ENSG00000297367,8.023621266,1.731566979,0.819397463,2.113219844,0.034581956,0.378444714,UP
THAP5,252.1687496,0.798817048,0.378124092,2.112579085,0.03463681,0.378453125,UP
HNRNPA1P52,8.305328975,-1.942311144,0.919489526,-2.112379847,0.034653882,0.378453125,DOWN
ZSWIM3,44.73964943,0.932673101,0.441667734,2.111707579,0.034711539,0.378693986,UP
SLC2A3,13852.75411,1.483161182,0.702521951,2.1111955,0.034755511,0.378785221,UP
ENSG00000299307,8.432283211,-1.18560378,0.562317969,-2.108422362,0.034994472,0.380630855,DOWN
INSL3,93.62085136,1.151050634,0.54593567,2.108399759,0.034996425,0.380630855,UP
ADPGK-AS1,8.407245701,-1.569357661,0.74455459,-2.10778052,0.035049979,0.380650279,DOWN
FUT7,514.0446939,1.341829934,0.636677103,2.107551735,0.035069782,0.380650279,UP
ASL,162.5442416,0.761270211,0.361370369,2.106620455,0.035150492,0.380992897,UP
ENSG00000290588,5.272066329,2.691671995,1.278023954,2.106120145,0.035193917,0.380992897,UP
KLHL11,42.72993259,-1.310172243,0.622129204,-2.105948787,0.035208801,0.380992897,DOWN
CFAP119,14.12422195,-1.270064,0.603364094,-2.104971131,0.035293821,0.381524771,DOWN
DNAJB13,45.00076596,-1.438750997,0.683925544,-2.103666122,0.035407582,0.381941822,DOWN
EEF1AKMT4,11.78853866,1.63706571,0.778302439,2.103379905,0.035432574,0.381941822,UP
RGL1,90.80199174,1.206512268,0.573685709,2.103089286,0.035457965,0.381941822,UP
LGR6,50.56062852,-1.365343168,0.649363676,-2.102586299,0.035501949,0.381941822,DOWN
VCAN,6021.238197,1.293973163,0.615614502,2.101921183,0.035560181,0.381941822,UP
FAR2,457.4466986,1.094011912,0.520517444,2.101777615,0.035572761,0.381941822,UP
S100A11,10439.06707,1.317577635,0.626946197,2.101580073,0.035590077,0.381941822,UP
CRADD,81.13576517,0.89653906,0.42667085,2.101242817,0.035619657,0.381941822,UP
C11orf42,6.168145241,2.478301225,1.180102617,2.100072646,0.035722451,0.381955297,UP
SMTN,97.79198085,1.391863232,0.66294427,2.099517706,0.035771289,0.381955297,UP
CLIC1,7199.813575,0.954268195,0.454518954,2.099512436,0.035771753,0.381955297,UP
LILRP1,29.95604396,2.435037041,1.15998695,2.099193479,0.035799849,0.381955297,UP
PSMD10P1,6.174253346,-1.664465695,0.79290983,-2.099186607,0.035800454,0.381955297,DOWN
CMTM2,855.3880367,1.711006209,0.815360298,2.098466424,0.035863963,0.382249472,UP
LINC02217,16.04024107,1.888818644,0.900965795,2.096437684,0.036043382,0.383777236,UP
ENSG00000278075,4.172809426,1.975731708,0.943034598,2.095078709,0.036163996,0.384616371,UP
ENSG00000298666,9.27306304,-2.026468301,0.967410094,-2.094735535,0.036194509,0.384616371,DOWN
ENSG00000286236,49.7800564,1.673791003,0.799536527,2.093451577,0.036308862,0.38538962,UP
ENSG00000280378,14.88230429,-1.240189606,0.592511751,-2.093105503,0.036339738,0.38538962,DOWN
CYP2U1,28.44632699,-1.136679738,0.54356216,-2.091167898,0.036513016,0.386841584,DOWN
CLEC1B,378.7893513,1.261360527,0.603438693,2.09028778,0.036591956,0.387292179,UP
ENSG00000307670,31.27092704,2.081515944,0.996058961,2.089751736,0.036640107,0.38741632,UP
MIRLET7A1HG,47.34167959,-1.173829839,0.56192263,-2.088952778,0.036711974,0.387708203,DOWN
ISG15,935.5585672,-1.772287664,0.848569218,-2.088559928,0.036747356,0.387708203,DOWN
CHCHD2,1115.835872,0.771453486,0.369429301,2.08823037,0.036777059,0.387708203,UP
EIF2B2,150.5446427,0.968024005,0.463750786,2.087379762,0.03685382,0.387863258,UP
ENSG00000280211,9.756880946,-1.554598108,0.744895583,-2.087001377,0.03688801,0.387863258,DOWN
FGFR1,84.35692731,1.051344484,0.50379351,2.086855948,0.036901158,0.387863258,UP
COX6B1,1139.081349,0.907748735,0.43558813,2.083961138,0.037163702,0.390090981,UP
SDHC,464.2779543,0.719524301,0.345309041,2.083711157,0.037186449,0.390090981,UP
YY2,4.20188033,-1.867249206,0.896483919,-2.082858562,0.037264118,0.390520611,DOWN
B3GAT2,11.2724498,-1.888771175,0.90731706,-2.081710196,0.037368949,0.391233768,DOWN
LAMB2,66.28393487,1.476694741,0.709583471,2.081072631,0.037427258,0.391458946,UP
ENSG00000269843,9.117644211,-1.48477495,0.713731232,-2.080299815,0.037498042,0.391814018,DOWN
ENSG00000288790,10.40083493,-2.452535747,1.180058203,-2.078317612,0.037680115,0.392932841,DOWN
ENSG00000307599,42.77360413,-2.189182888,1.053372125,-2.078261648,0.037685267,0.392932841,DOWN
NUDT22,292.0992896,0.663791522,0.31944867,2.077928579,0.037715938,0.392932841,UP
PLXDC1,30.56163144,-1.26264179,0.607851679,-2.077220206,0.03778124,0.392933903,DOWN
IGLV3-27,5.071404812,3.140954443,1.512163567,2.07712612,0.03778992,0.392933903,UP
TPI1P1,15.57268763,1.130463101,0.544996213,2.074258637,0.038055297,0.395187836,UP
ZNF491,7.317383307,-1.54209078,0.743541106,-2.073981878,0.038080994,0.395187836,DOWN
HOOK1,28.35399256,-1.255504004,0.605943059,-2.071983473,0.038266983,0.396585838,DOWN
ENSG00000261526,35.34529739,-0.931270085,0.449545602,-2.071580903,0.038304542,0.396585838,DOWN
PABIR3,64.68275795,-0.881314999,0.425481761,-2.071334378,0.038327559,0.396585838,DOWN
ENSG00000297226,7.488658149,1.80683513,0.872700039,2.070396527,0.038415227,0.396929214,UP
TMEM63A,919.014352,-0.540595358,0.261134314,-2.070181237,0.038435376,0.396929214,DOWN
NNAT,7.548823069,-1.834451182,0.886610409,-2.069061183,0.038540346,0.397627214,DOWN
EXOC4,406.4221689,0.614214705,0.296967682,2.06828804,0.038612946,0.397739919,UP
ENSG00000258515,5.758204733,-1.89490405,0.916232069,-2.068148578,0.038626054,0.397739919,DOWN
ENSG00000253214,32.27801084,1.805674648,0.873797995,2.066466916,0.038784413,0.398954734,UP
CBFA2T2,286.236817,-0.619520456,0.299850185,-2.066099961,0.038819042,0.398954734,DOWN
PSMC6,512.505045,0.60767906,0.294236545,2.065273911,0.038897091,0.399096657,UP
NFE2,6091.445067,1.208453271,0.58552481,2.063880557,0.039029043,0.399953687,UP
PRSS27,17.42443299,1.295285657,0.627762051,2.063338576,0.039080471,0.400095259,UP
PHAX,162.5169989,0.844846503,0.40956448,2.062792414,0.039132355,0.400186818,UP
ENSG00000296090,17.85993809,1.766848273,0.856753503,2.062259758,0.039183012,0.400186818,UP
ATP6V0E2-AS1,7.566256383,-1.605381458,0.778535311,-2.062053495,0.039202643,0.400186818,DOWN
ENSG00000298136,6.868878639,1.425706078,0.691532321,2.061662247,0.039239903,0.400186818,UP
C9orf40,80.21535695,0.74818682,0.363218586,2.059880329,0.039409983,0.401513993,UP
SEPHS2,1102.029607,0.892906343,0.43390244,2.057850475,0.039604489,0.401513993,UP
PLAA,267.6043829,0.550167241,0.267431238,2.057228787,0.039664224,0.401513993,UP
ENSG00000299677,8.386268176,2.841687346,1.381324069,2.057219887,0.039665079,0.401513993,UP
MYL4,541.782813,-1.160701436,0.564284638,-2.056943179,0.039691692,0.401513993,DOWN
RAMP3,6.020438574,-2.291830697,1.11422848,-2.056876787,0.039698079,0.401513993,DOWN
MT-TY,210.682282,-1.221542134,0.59392705,-2.056720828,0.039713088,0.401513993,DOWN
ENSG00000308283,49.94833493,1.008391696,0.4902999,2.056683464,0.039716684,0.401513993,UP
PKIA,64.68368711,-0.985715394,0.479513106,-2.055658919,0.039815404,0.401513993,DOWN
PRDM11,39.17702035,-0.944698469,0.459628789,-2.055350953,0.039845119,0.401513993,DOWN
LINC02185,6.651794083,-2.330340302,1.133812099,-2.055314372,0.03984865,0.401513993,DOWN
FLOT2,10742.39419,1.315248697,0.640008794,2.055047851,0.039874383,0.401513993,UP
LNPK,336.2508701,0.783187937,0.381136592,2.054874691,0.03989111,0.401513993,UP
ENSG00000296380,16.01602544,2.361249208,1.149261335,2.054579873,0.039919601,0.401513993,UP
ENSG00000297225,8.465746665,1.726623704,0.840448391,2.054407769,0.039936242,0.401513993,UP
SMAP2,11342.6848,1.113521313,0.542414391,2.052897805,0.04008249,0.40260382,UP
ENSG00000294305,4.3725556,1.725639685,0.841417884,2.050871175,0.040279494,0.404200921,UP
VPS72,315.523409,0.536989552,0.262001017,2.049570489,0.040406363,0.405091876,UP
DPH3,322.3515488,0.843918005,0.412260652,2.047049606,0.040653214,0.406682679,UP
NOXA1,35.33629359,-1.082774653,0.529002133,-2.046824738,0.040675296,0.406682679,DOWN
RGMB,12.7742825,-1.266651592,0.61885102,-2.046779516,0.040679738,0.406682679,DOWN
TSPAN32,427.9039519,-0.679730253,0.332192836,-2.046191791,0.040737505,0.40685152,DOWN
MRPS18C,76.18256436,0.632737513,0.309281607,2.045829748,0.040773124,0.40685152,UP
WASF1,46.80586506,0.904195772,0.44267831,2.042557207,0.041096291,0.409356533,UP
AHNAK2,5.875573555,-1.962862283,0.961051919,-2.042410242,0.041110855,0.409356533,DOWN
SLC18A2-AS1,74.4924626,-1.573505087,0.770633069,-2.04183437,0.041167964,0.409356533,DOWN
FAM43A,82.61971108,0.881118704,0.4316212,2.041416647,0.041209431,0.409356533,UP
METTL23,143.5097783,0.702195208,0.344060227,2.040907824,0.04125999,0.409356533,UP
ZNF891,37.78382868,-1.001936941,0.491021036,-2.040517347,0.041298825,0.409356533,DOWN
ENSG00000280184,10.04929738,2.047073226,1.003593128,2.039744163,0.041375814,0.409356533,UP
GIN1,43.94035555,0.724319971,0.355112092,2.039693911,0.041380822,0.409356533,UP
MAP1S,959.6290243,0.889631739,0.436179329,2.03960087,0.041390095,0.409356533,UP
NT5C3A,881.5191859,-0.896758328,0.439760875,-2.039195343,0.041430536,0.409356533,DOWN
TLR5,895.9919315,1.739137581,0.853114895,2.038573691,0.041492593,0.409356533,UP
ENSG00000287931,6.304913621,-1.928733503,0.946204245,-2.038390246,0.041510921,0.409356533,DOWN
RASL11A,33.33111604,1.260563621,0.618597917,2.037775407,0.041572399,0.409356533,UP
SLC44A1,441.5162539,0.733387382,0.359918748,2.03764707,0.041585241,0.409356533,UP
DNTTIP2,555.3212908,0.618922537,0.303767849,2.037485334,0.04160143,0.409356533,UP
LINC02987,27.49241349,0.748198623,0.36737488,2.036608011,0.041689339,0.409673684,UP
CFL1,13237.88501,0.81150766,0.398502053,2.03639518,0.041710689,0.409673684,UP
ENSG00000289702,5.519232987,1.591001462,0.78189365,2.034805453,0.041870452,0.410477764,UP
FSD1L,57.1803679,1.105936613,0.543539953,2.034692402,0.041881833,0.410477764,UP
RPP14,40.5066752,0.708882391,0.348531242,2.033913482,0.041960319,0.410477764,UP
ENSG00000212175,6.337065923,-1.62072192,0.796895948,-2.033793651,0.041972405,0.410477764,DOWN
PCSK1N,43.71404386,-1.157267484,0.569172228,-2.033246577,0.042027618,0.410477764,DOWN
MAPK14,6652.606986,1.399727444,0.688512286,2.032973809,0.042055169,0.410477764,UP
DDX11L16,25.30000549,-2.074523284,1.020573299,-2.032703859,0.042082451,0.410477764,DOWN
TRMT10B,70.26096116,-0.587274576,0.288939464,-2.032517708,0.042101273,0.410477764,DOWN
ENSG00000295306,56.13345161,1.726768358,0.850092707,2.031270641,0.042227548,0.411167836,UP
IGHG4,537.9126433,2.126421656,1.046968389,2.031027564,0.042252199,0.411167836,UP
PZP,15.91226878,-1.569711595,0.77322607,-2.030081054,0.042348301,0.411167836,DOWN
ENSG00000290003,11.51415974,1.304859232,0.642903632,2.029634253,0.04239373,0.411167836,UP
HDGFL2,534.1670214,0.663179306,0.326810178,2.02924924,0.042432911,0.411167836,UP
ZNF528,39.08652587,-1.039338853,0.512180787,-2.029242173,0.04243363,0.411167836,DOWN
SLC22A16,15.6892631,1.423548044,0.701660628,2.028827024,0.042475912,0.411167836,UP
CXCL10,13.26598243,-2.332403605,1.149661468,-2.028774269,0.042481287,0.411167836,DOWN
RPS2P53,8.482160488,-1.457914215,0.719006513,-2.027678733,0.042593048,0.41187477,DOWN
ENSG00000290559,7.142024782,2.595782752,1.280960716,2.026434316,0.042720297,0.412685598,UP
SLC11A1,13815.19865,1.326618657,0.654806208,2.02597141,0.042767714,0.412685598,UP
PLA2G4A,52.18343733,1.087623331,0.536997575,2.025378477,0.042828516,0.412685598,UP
IKZF2,90.69736854,-1.227622136,0.606175778,-2.02519167,0.042847687,0.412685598,DOWN
LINC00598,8.949908117,-1.385559529,0.684272567,-2.024864937,0.042881235,0.412685598,DOWN
CDKN2C,167.0352611,1.013624869,0.500657336,2.024588068,0.042909681,0.412685598,UP
SRXN1,96.91160938,1.195238828,0.5906763,2.02350903,0.043020694,0.413118869,UP
H2BC17,28.1322973,-1.527781249,0.75505821,-2.023395319,0.043032406,0.413118869,DOWN
IGFBP2,89.80351906,2.101300386,1.038884064,2.022651476,0.043109093,0.413219481,UP
ENSG00000295377,5.006642851,2.216957138,1.096125163,2.022540138,0.043120581,0.413219481,UP
MPP7,455.6357349,1.275212816,0.630637593,2.022100856,0.043165934,0.41328176,UP
ENSG00000289320,32.32770818,-1.794566121,0.888479942,-2.019816133,0.043402463,0.414902537,DOWN
PREB,497.4163014,0.606619212,0.300349305,2.019712386,0.04341323,0.414902537,UP
TTC39C-AS1,7.405017482,-1.215172682,0.602770593,-2.015978708,0.043802202,0.418244188,DOWN
ENSG00000287315,6.781278064,-1.848953066,0.917422555,-2.015377817,0.043865077,0.4184689,DOWN
ZNF174,57.94570187,0.681784312,0.338597516,2.013553791,0.044056402,0.419273252,UP
ENSG00000263126,10.34536419,-1.319801438,0.655471205,-2.01351551,0.044060425,0.419273252,DOWN
FGF13,75.79496866,1.975909576,0.98148742,2.013178707,0.044095832,0.419273252,UP
ENSG00000300686,5.520064165,-1.667156028,0.828165135,-2.013071981,0.044107057,0.419273252,DOWN
SERPINB8,250.692383,0.98894072,0.491450696,2.012288776,0.044189505,0.419313471,UP
RANBP2,1236.9983,0.765434599,0.380381216,2.012282853,0.044190129,0.419313471,UP
NDUFB10,512.1452068,0.817896743,0.406781123,2.010655601,0.044361847,0.420567704,UP
FAM90A1,6.591714644,1.79394337,0.892777112,2.009396686,0.044495081,0.421455193,UP
HOXA9,12.97125806,1.386731224,0.690314607,2.008839464,0.044554162,0.421639339,UP
SQOR,1232.157486,1.048545633,0.522251988,2.007738904,0.044671044,0.422369686,UP
ENSG00000288990,31.05567176,-0.884373843,0.440567009,-2.007353761,0.044712009,0.422381559,DOWN
ENSG00000279825,10.33920983,-1.364203789,0.67998454,-2.006227656,0.044831965,0.4225657,DOWN
RORA-AS1,5.940181726,-1.315482106,0.655924695,-2.005538312,0.044905529,0.4225657,DOWN
ZNF613,36.2867872,0.966952129,0.482203,2.0052802,0.0449331,0.4225657,UP
ENSG00000296226,27.66423704,1.790421933,0.89285545,2.005276366,0.04493351,0.4225657,UP
CD2BP2,926.5243225,0.516506908,0.257583443,2.005202286,0.044941426,0.4225657,UP
NCEH1,84.81104816,0.85889687,0.428391101,2.004936301,0.044969857,0.4225657,UP
ZBTB6,83.90728947,0.873688726,0.435925933,2.004213696,0.045047174,0.42270157,UP
ENSG00000290109,9.504447467,-2.04514903,1.020503659,-2.004058499,0.045063794,0.42270157,DOWN
FAM217B,425.9766203,0.914744564,0.457124046,2.001086078,0.045383114,0.424723266,UP
ADGRB1,13.6997528,-1.32978207,0.664587599,-2.000913157,0.045401749,0.424723266,DOWN
ZDHHC12,535.8564247,0.784968226,0.392366793,2.000598009,0.045435728,0.424723266,UP
ENSG00000290951,36.77513698,-0.685965829,0.342885656,-2.000567297,0.045439041,0.424723266,DOWN
RNF31,71.64004791,-1.172614901,0.586391209,-1.999714324,0.045531121,0.425210298,DOWN
ASGR2,422.7545763,1.281597315,0.641162296,1.998865689,0.045622888,0.425693561,UP
ENSG00000290058,4.639116371,2.010959397,1.006568743,1.997836126,0.045734429,0.426306819,UP
SSC4D,9.383653867,1.754332659,0.878457111,1.997061254,0.045818529,0.426306819,UP
ENSG00000270504,4.749935701,-2.02442428,1.013745729,-1.99697441,0.045827963,0.426306819,DOWN
ZNF771,12.27634383,1.400004185,0.701224929,1.996512284,0.04587819,0.426306819,UP
ENSG00000308500,5.457592943,-1.156419402,0.579248622,-1.996412867,0.045889001,0.426306819,DOWN
NOD2,1216.25127,-1.379681831,0.691529506,-1.995116361,0.04603019,0.426967,DOWN
SLC25A18,7.815836208,1.391992163,0.697791157,1.994854978,0.046058699,0.426967,UP
JDP2,810.6030549,1.084853441,0.54389236,1.994610554,0.046085372,0.426967,UP
RNU6-415P,17.64574794,-1.462902647,0.733654336,-1.993994412,0.046152665,0.426967,DOWN
ENSG00000231628,12.28916914,-1.31682749,0.660421324,-1.993920307,0.046160764,0.426967,DOWN
PLPPR3,13.3825805,2.101385347,1.055273607,1.991318017,0.046445936,0.429231469,UP
RUBCN,292.8894594,-0.851994235,0.427945257,-1.990895382,0.04649239,0.429287806,DOWN
ZXDA,31.97672803,-1.071384467,0.538948194,-1.987917354,0.046820831,0.430799248,DOWN
AIFM3,43.52789435,-1.23493792,0.621275999,-1.987744452,0.04683996,0.430799248,DOWN
ENSG00000241666,43.48946025,0.959625278,0.482912906,1.987160141,0.046904653,0.430799248,UP
SIGLEC16,86.33458373,1.249906639,0.628998205,1.987138641,0.046907035,0.430799248,UP
ENSG00000247134,10.53619435,1.491755474,0.750864674,1.986716815,0.046953787,0.430799248,UP
SIGLEC11,31.67786601,1.669216038,0.840265629,1.986533757,0.046974088,0.430799248,UP
TSPAN18,171.7265114,-0.973148404,0.489885897,-1.986479728,0.046980082,0.430799248,DOWN
NUTM2E,10.92325998,-1.340819261,0.675268393,-1.985609387,0.047076713,0.43129724,DOWN
ALPL,17558.15686,1.83810341,0.926052126,1.984881152,0.047157696,0.43129724,UP
NAPSB,5.722117687,-1.497436768,0.754436266,-1.984841976,0.047162056,0.43129724,DOWN
TTC24,16.99597313,-1.601347147,0.807243821,-1.983721777,0.047286864,0.43129724,DOWN
GSTO2,58.70007748,-1.476018536,0.744139867,-1.983522992,0.047309041,0.43129724,DOWN
ENSG00000286760,8.554257222,1.504901505,0.758743582,1.983412501,0.047321372,0.43129724,UP
CAP1,12366.22145,0.995481362,0.501954408,1.98321072,0.047343897,0.43129724,UP
ENSG00000225032,7.718183363,-1.396586939,0.704252296,-1.983077581,0.047358764,0.43129724,DOWN
ENSG00000254288,34.12209032,1.782194392,0.899025577,1.982362279,0.047438708,0.431630491,UP
GPX7,66.79239643,1.114243386,0.562174413,1.982024366,0.047476514,0.431630491,UP
CEP126,13.15898696,-1.107661124,0.559035284,-1.981379628,0.047548717,0.431794639,DOWN
MTND2P28,1225.757196,-1.012536449,0.511249805,-1.980512147,0.04764601,0.431794639,DOWN
ACTB,129349.3553,0.829655788,0.418928266,1.980424465,0.047655853,0.431794639,UP
LINC00534,18.30729772,-1.4987085,0.756804696,-1.980310784,0.047668618,0.431794639,DOWN
ENSG00000307274,7.177838025,-2.055005064,1.037853393,-1.980053326,0.047697537,0.431794639,DOWN
SGSM2-AS1,9.740645979,-1.51895309,0.767366898,-1.979435254,0.047767023,0.432055969,DOWN
RPS17,51.58993315,-0.757300145,0.38271357,-1.978764808,0.047842492,0.432370936,DOWN
SIGLEC9,1203.677428,1.383201668,0.699615693,1.977087823,0.048031704,0.432888101,UP
ENSG00000306748,5.632420845,-1.6260642,0.822607538,-1.976719306,0.048073367,0.432888101,DOWN
HMGB3,79.81750718,1.253830236,0.634340688,1.976588068,0.048088212,0.432888101,UP
ENSG00000294948,9.328298756,2.493273963,1.261409002,1.976578539,0.04808929,0.432888101,UP
MED31,39.01190341,0.86216117,0.436258459,1.976262359,0.04812507,0.432888101,UP
ANLN,42.71514852,1.455366659,0.736485778,1.976096081,0.048143896,0.432888101,UP
ZNF367,62.23580817,-1.002435172,0.507585902,-1.974907435,0.048278654,0.433377706,DOWN
C11orf68,443.2175822,0.664616652,0.336532304,1.974897045,0.048279833,0.433377706,UP
RAVER2,28.28649746,-0.832757348,0.422108584,-1.972851014,0.048512539,0.435099392,DOWN
ENSG00000288082,8.952766487,1.679860367,0.852344542,1.970870093,0.048738737,0.436759851,UP
CAPN13,30.89495016,2.377639674,1.207393647,1.969233216,0.048926316,0.438071739,UP
ENSG00000310481,6.048711833,2.184408501,1.110187414,1.967603373,0.049113691,0.439207178,UP
PHEX,4.567410218,-1.861454767,0.946436211,-1.966804254,0.049205782,0.439207178,DOWN
WDR5B,41.63131998,0.846882433,0.43060849,1.966710949,0.049216544,0.439207178,UP
ENSG00000235978,6.541349545,-1.113086892,0.565967999,-1.966695807,0.049218291,0.439207178,DOWN
ENSG00000287632,10.28877025,-1.320361327,0.671577303,-1.966060081,0.049291671,0.439493296,DOWN
BMS1P14,10.02564779,1.761024767,0.895936126,1.96556955,0.049348354,0.439495531,UP
CYBA,12755.66674,0.864031107,0.439739453,1.964870562,0.049429221,0.439495531,UP
SMIM10,9.673445803,1.336049802,0.680033974,1.964680961,0.049451175,0.439495531,UP
CHMP3-AS1,42.68160781,-1.709969223,0.870377672,-1.964629009,0.049457192,0.439495531,DOWN
SLIRP,70.16503505,0.910272285,0.463445852,1.96413946,0.049513921,0.43963237,UP
VIPR1-AS1,9.486739558,-1.437585205,0.732090678,-1.963670961,0.049568262,0.439747795,DOWN
ENSG00000301768,15.8933734,2.055455858,1.047496349,1.962255869,0.049732702,0.440744044,UP
HSPA4,732.4449387,0.649256868,0.330960369,1.961735993,0.049793229,0.440744044,UP
PGM2L1,122.6731463,0.877771434,0.447469042,1.961636117,0.049804864,0.440744044,UP
